entity,n-authors,n-revs
Code/CMS/CMS/CMS.csproj,11,75
Code/ProjectLibraries/WebPOS.Project.CMS.ViewModelLayer/Resources/Resources.resx,8,82
Code/ProjectLibraries/WebPOS.Project.CMS.ViewModelLayer/Resources/Resources.Designer.cs,8,77
Code/CMS/CMS/Views/Layout/Controls/Header.cshtml,8,25
Code/CMS/CMS/Assets/sass/styles.scss,7,35
Code/CMS/CMS/app_build/app/shared.js,7,25
Code/CMS/CMS/Assets/sass/modules/_header.scss,6,24
Code/CMS/CMS/Views/MyAccount/AddressDetails.cshtml,6,17
Code/CMS/CMS/Assets/sass/layout/_my-stateside.scss,6,15
Code/CMS/CMS/Views/Shared/DisplayTemplates/PagingViewModel.cshtml,6,14
Code/Core/WebPOS.Core.ServiceLayer/WebPOS.Core.ServiceLayer.csproj,6,14
Code/CMS/CMS/Assets/sass/themes/_bootstrap-overrides.scss,5,31
Code/ProjectLibraries/WebPOS.Project.CMS.ViewModelLayer/WebPOS.Project.CMS.ViewModelLayer.csproj,5,22
Code/SiteBuilder/Scripts/Core/StateSide_Skates.sql,5,21
Code/CMS/CMS/Controllers/Pages/CheckoutController.cs,5,21
Code/CMS/CMS/Assets/sass/layout/_product-page.scss,5,20
Code/CMS/CMS/Views/MyAccount/MyStateside.cshtml,5,17
Code/ProjectLibraries/WebPOS.Project.ModelLayer/WebPOS.Project.ModelLayer.csproj,5,16
Code/Core/WebPOS.Core.ModelLayer/WebPOS.Core.ModelLayer.csproj,5,16
Code/CMS/CMS/Views/MyAccount/Addresses.cshtml,5,15
.gitignore,5,12
Database/CMS_Database/Scripts/Post-Deployment/Ref/CustomFields.sql,5,12
Code/CMS/CMS/Assets/sass/layout/_my-wishlist.scss,5,12
Code/ProjectLibraries/WebPOS.Project.ModelLayer/CustomFields/CustomFieldNames.cs,5,11
Code/CMS/CMS/Assets/sass/layout/_register.scss,5,10
Code/CMS/CMS/Assets/sass/layout/_my-accounts.scss,5,10
Code/CMS/CMS/Views/Ecommerce/DisplayTemplates/QuickBuyViewModel.cshtml,5,10
Code/CMS/CMS/Assets/sass/layout/_change-email.scss,5,9
Code/CMS/CMS/Assets/sass/modules/_main-menu.scss,5,9
Code/CMS/CMS/Assets/sass/layout/_my-profile.scss,5,9
Code/CMS/CMS/Assets/sass/layout/_address-book.scss,5,9
Code/ProjectLibraries/WebPOS.Project.CMS.ApplicationLayer/WebPOS.Project.CMS.ApplicationLayer.csproj,5,9
Code/Admin/Admin/Admin.csproj,5,8
Code/CMS/CMS/Assets/sass/layout/_address-details.scss,5,8
Code/CMS/CMS/Assets/sass/layout/_layout.scss,5,8
Code/CMS/CMS/Assets/sass/layout/_product-list-page.scss,4,34
Code/Core/WebPOS.Core.RepositoryLayer/CMSModel.edmx,4,26
Code/CMS/CMS/Controllers/Pages/MyAccountController.cs,4,25
Code/CMS/CMS/Views/Ecommerce/Product.cshtml,4,23
Code/CMS/CMS/Views/Ecommerce/ProductList.cshtml,4,19
Code/CMS/CMS/Controllers/Pages/EcommerceController.cs,4,18
Code/CMS/CMS/Views/MyAccount/Accounts.cshtml,4,17
Code/CMS/CMS/app_build/app/product.js,4,17
Code/Core/WebPOS.Core.RepositoryLayer/CMSModel.Designer.cs,4,16
Code/Core/WebPOS.Core.RepositoryLayer/CMSModel.edmx.diagram,4,16
Code/CMS/CMS/Views/MyAccount/UserManagement.cshtml,4,14
Database/CMS_Database/CMS_Database.sqlproj,4,14
Code/CMS/CMS/Views/MyAccount/BatchOrderUpload.cshtml,4,13
Code/CMS/CMS/Views/MyAccount/Favourites.cshtml,4,12
Code/Core/WebPOS.Core.RepositoryLayer/CMSModel.Context.cs,4,12
Code/Core/WebPOS.Core.DataLayer/WebPOS.Core.DataLayer.csproj,4,12
Code/CMS/CMS/Views/MyAccount/OrderDetails.cshtml,4,11
Code/CMS/CMS/Views/Shared/DisplayTemplates/ProductSummaryViewModel.cshtml,4,11
Code/CMS/CMS/Views/MyAccount/OrderHistory.cshtml,4,11
Code/CMS/CMS/Assets/sass/layout/_login.scss,4,10
Code/Core/WebPOS.Core.ModelLayer/EmailManagement/EmailTypes/EmailTemplateNames.cs,4,9
Code/CMS/CMS/Controllers/Services/NavigationController.cs,4,8
Code/CMS/CMS/Assets/sass/layout/_change-password.scss,4,8
Code/CMS/CMS/Assets/sass/layout/_order-details.scss,4,8
Code/SiteBuilder/Scripts/Core/BaseData_ALL.sql,4,8
Code/CMS/CMS/Assets/sass/modules/_paging.scss,4,8
Code/CMS/CMS/Assets/fonts/Stateside-Skates-Icons.woff,4,7
Code/CMS/CMS/Assets/fonts/Stateside-Skates-Icons.eot,4,7
Code/Core/WebPOS.Core.DataLayer/Entities/VariantEntity.cs,4,7
Code/CMS/CMS/Assets/fonts/Stateside-Skates-Icons.svg,4,7
Code/CMS/CMS/Views/Layout/Controls/MiniBasket.cshtml,4,7
Code/CMS/CMS/Assets/sass/base/_ss-fonts.scss,4,7
Code/CMS/CMS/Assets/sass/modules/controls/_quick-buy.scss,4,7
Code/CMS/CMS/Assets/sass/themes/fonts-and-icons/_ss-fonts.scss,4,7
Code/CMS/CMS/Assets/fonts/Stateside-Skates-Icons.ttf,4,7
Code/CMS/CMS/Assets/sass/themes/fonts-and-icons/_ss-font-variables.scss,4,7
Code/ProjectLibraries/WebPOS.Project.CMS.ViewModelLayer/Filters/ProductFilterResultsViewModel.cs,4,7
Code/CMS/CMS/Assets/sass/base/_ss-font-variables.scss,4,6
Code/CMS/CMS/app_build/config.js,4,6
Code/CMS/CMS/Assets/sass/layout/_my-orders.scss,4,6
Code/CMS/CMS/Assets/sass/layout/_user-management.scss,4,6
Code/Core/WebPOS.Core.ModelLayer/AccountManagement/Account.cs,4,6
Code/CMS/CMS/Controllers/Services/UserController.cs,4,6
Code/CMS/CMS/Views/Ecommerce/SearchFilter.cshtml,4,5
Code/ProjectLibraries/WebPOS.Project.ModelLayer/CMS/Context/UserContext.cs,4,5
Code/CMS/CMS/Assets/sass/base/_variables.scss,4,5
Code/CMS/CMS/Assets/sass/themes/_types.scss,4,5
Code/Core/WebPOS.Core.RepositoryLayer/OrderManagementEntityDataModel.Designer.cs,4,4
Code/StatesideSkates.sln,4,4
Code/ProjectLibraries/WebPOS.Project.CMS.ApplicationLayer/Initialisers/Pages/Ecommerce/ProductPageModelInitialiser.cs,3,19
Code/CMS/CMS/Views/MyAccount/Profile.cshtml,3,16
Code/Integration/WebPOS.Integration.DTO/WebPOS.Integration.DTO.csproj,3,16
Code/Integration/WebPOS.Integration.Serialisation/IntegrationSerialisationModule.cs,3,14
Code/Integration/WebPOS.Integration.API/IntegrationApiModule.cs,3,14
Code/CMS/CMS/Controllers/Pages/AuthController.cs,3,14
Code/ProjectLibraries/WebPOS.Project.CMS.ViewModelLayer/ProductPage/ProductPageVariantViewModel.cs,3,14
Code/ProjectLibraries/WebPOS.Project.Jobs/WebPOS.Project.Jobs.csproj,3,12
Code/CMS/CMS/Views/Ecommerce/DisplayTemplates/ProductPageGroupedVariantViewModel.cshtml,3,12
Code/CMS/CMS/Views/Content/UIKIt.cshtml,3,11
Code/CMS/CMS/Views/MyAccount/UserDetails.cshtml,3,11
Code/SiteBuilder/Scripts/Modules/Jobs.sql,3,11
Code/CMS/CMS/Views/MyAccount/ChangePassword.cshtml,3,11
Code/CMS/CMS/Views/MyAccount/ChangeEmail.cshtml,3,10
Code/CMS/CMS/Views/Ecommerce/DisplayTemplates/ProductPageVariantViewModel.cshtml,3,10
Code/CMS/CMS/Views/Navigation/MainMenu.cshtml,3,10
Code/CMS/CMS/Assets/sass/modules/_footer.scss,3,10
Code/Core/WebPOS.Core.ServiceLayer/AutoMapperProfiles/AccountMapperProfile.cs,3,9
Code/CMS/CMS/Views/Checkout/DeliveryOptions.cshtml,3,9
Code/CMS/CMS/Assets/sass/modules/controls/_product-filters.scss,3,8
Code/ProjectLibraries/WebPOS.Project.CMS.ApplicationLayer/Initialisers/Pages/MyAccount/AccountsPageModelInitialiser.cs,3,8
Code/CMS/CMS/gulpfile.js,3,8
Code/Integration/WebPOS.Integration.DTO/Requests/Prima/PrimaSoap.cs,3,7
Code/ProjectLibraries/WebPOS.Project.CMS.ViewModelLayer/PageModels/MyAccount/AddressPageModel.cs,3,7
Scripts/sts-setup.txt,3,6
Code/CMS/CMS/Assets/sass/modules/controls/_product-summary.scss,3,6
Code/Integration/WebPOS.Integration.Conversion/Prima/StockItemConverter.cs,3,6
Code/CMS/CMS/Assets/sass/base/_core.scss,3,6
Code/Core/WebPOS.Core.ServiceLayer/AccountManagement/Implementation/AccountManager.cs,3,6
Code/CMS/CMS/Assets/sass/webpack-main.scss,3,6
Code/CMS/CMS/app_build/app/product-list.js,3,6
Code/CMS/CMS/Views/MyAccount/Controls/EditUserAddress.cshtml,3,6
Code/CMS/CMS/Assets/sass/themes/_form.scss,3,6
Code/ProjectLibraries/WebPOS.Project.CMS.ViewModelLayer/Print/PrintOrderViewModel.cs,3,6
Code/ProjectLibraries/WebPOS.Project.CMS.ApplicationLayer/Initialisers/Filters/ProductFilterResultsInitialiser.cs,3,6
Code/SiteBuilder/Scripts/Core/BaseData_Ecommerce.sql,3,6
Code/CMS/CMS/Views/Checkout/DeliveryAddress.cshtml,3,6
Code/CMS/CMS/Assets/sass/modules/_checkout-header.scss,3,6
Code/CMS/CMS/Views/Auth/Login.cshtml,3,6
Code/Integration/WebPOS.Integration.DTO/Responses/PrimaResponse.cs,3,6
Code/CMS/CMS/Views/Navigation/MyAccountLinks.cshtml,3,6
Code/CMS/CMS/Views/Navigation/BrandMainMenu.cshtml,3,6
Code/CMS/CMS/app_build/app/user-management.js,3,5
Code/CMS/CMS/Assets/sass/themes/_types-sts.scss,3,5
Code/ProjectLibraries/WebPOS.Project.CMS.ViewModelLayer/PageModels/MyAccount/AccountsPageModel.cs,3,5
Code/CMS/CMS/Assets/css/styles.css,3,5
Code/CMS/CMS/gulpfile.js.template,3,5
Code/ProjectLibraries/WebPOS.Project.Jobs/JobTypes/AccountBalanceJob.cs,3,5
Database/CMS_Database/Scripts/Post-Deployment/PostDeployment.sql,3,5
Code/CMS/CMS/Assets/sass/base/_fonts.scss,3,5
Code/CMS/CMS/Assets/sass/layout/_reset-password.scss,3,5
Code/CMS/CMS/app_build/modules/product-filters.js,3,5
Code/CMS/CMS/Assets/sass/layout/_my-cards.scss,3,5
Code/CMS/CMS/Assets/sass/layout/_content.scss,3,5
Code/CMS/CMS/Views/Layout/Layout.cshtml,3,4
Code/CMS/CMS/Views/MyAccount/AccountUserFilter.cshtml,3,4
Code/ProjectLibraries/WebPOS.Project.CMS.ViewModelLayer/Paging/PagingViewModel.cs,3,4
Code/CMS/CMS/Assets/sass/layout/_forgotten-password.scss,3,4
Code/CMS/CMS/Assets/sass/layout/_user-details.scss,3,4
Code/CMS/CMS/app_build/modules/product.js,3,4
Code/Core/WebPOS.Core.RepositoryLayer/OrderManagementEntityDataModel.edmx,3,4
Code/CMS/CMS/Views/Ecommerce/DisplayTemplates/ProductPageFromPricingViewModel.cshtml,3,4
Code/ProjectLibraries/WebPOS.Project.CMS.ViewModelLayer/Products/ProductSummaryViewModel.cs,3,4
Code/Core/WebPOS.Core.DataLayer/Entities/AccountEntity.cs,3,4
Code/ProjectLibraries/WebPOS.Project.ModelLayer/Jobs/JobNames.cs,3,4
Code/Core/WebPOS.Core.ServiceLayer/Extensions/QueryableVariantExtensions.cs,3,4
Code/CMS/CMS/Views/Layout/SharedLayout.cshtml,3,4
Code/ProjectLibraries/WebPOS.Project.CMS.ServiceLayer/Context/Implementation/UserContextManager.cs,3,4
Code/Core/WebPOS.Core.ModelLayer/ProductManagement/Products/Product.cs,3,4
Code/SiteBuilder/Scripts/Core/BaseData_B2B.sql,3,4
Code/CMS/CMS/Views/Layout/Controls/SocialLinks.cshtml,3,4
Code/ProjectLibraries/WebPOS.Project.CMS.ViewModelLayer/PageModels/MyAccount/ChangePasswordPageModel.cs,3,4
Code/CMS/CMS/Views/Shared/DisplayTemplates/OrderAddressViewModel.cshtml,3,4
Code/Core/WebPOS.Core.ModelLayer/StockManagement/Stock.cs,3,3
Code/CMS/CMS/Views/Ecommerce/SearchResults.cshtml,3,3
Code/ProjectLibraries/WebPOS.Project.CMS.ApplicationLayer/Initialisers/Pages/Checkout/CheckoutDeliveryAddressPageModelInitialiser.cs,3,3
Code/ProjectLibraries/WebPOS.Project.CMS.ViewModelLayer/PageModels/MyAccount/MyFavouritesPageModel.cs,3,3
Code/Admin/Admin/app_build/ViewModels/Accounts/Account.js,3,3
Code/Core/WebPOS.Core.ServiceLayer/AutoMapperProfiles/PageMapperProfile.cs,3,3
Code/Core/WebPOS.Core.DataLayer/Entities/StockEntity.cs,3,3
Code/CMS/CMS/Assets/fonts/Stateside-Skates-Icons.woff2,3,3
Code/ProjectLibraries/WebPOS.Project.CMS.ApplicationLayer/Initialisers/Pages/MyAccount/MyFavouritesPageModelInitialiser.cs,3,3
Code/CMS/CMS/Views/MyAccount/DisplayTemplates/UserSummaryViewModel.cshtml,3,3
Code/ProjectLibraries/WebPOS.Project.CMS.ViewModelLayer/Ecommerce/OrderAddressViewModel.cs,3,3
Code/CMS/CMS/app_build/app/order-history.js,3,3
Code/CMS/CMS/Views/Content/ContactUs.cshtml,3,3
Code/Admin/Admin/app_build/ViewModels/Variants/Variant.js,3,3
Code/Core/WebPOS.Core.ModelLayer/OrderManagement/Order.cs,3,3
Code/Integration/WebPOS.Integration/WebPOS.Integration.csproj,2,19
Code/Integration/WebPOS.Integration.Conversion/WebPOS.Integration.Conversion.csproj,2,19
Code/Integration/WebPOS.Integration/IntegrationModule.cs,2,19
Code/CMS/CMS/Assets/sass/modules/_left-navigation.scss,2,13
Code/Integration/WebPOS.Integration.Conversion/Products/VariantConverter.cs,2,11
Code/Integration/WebPOS.Integration/Persisters/Implementation/ProductListPersister.cs,2,9
Code/ProjectLibraries/WebPOS.Project.CMS.ViewModelLayer/PageModels/Ecommerce/ProductPageModel.cs,2,8
Code/Integration/WebPOS.Integration.Conversion/Pricing/PricingListConverter.cs,2,7
Code/Core/WebPOS.Core.ServiceLayer/Users/Implementation/UserManager.cs,2,6
Code/CMS/CMS/Views/Ecommerce/ProductFilterProperties.cshtml,2,6
Code/Admin/Admin/app_build/ViewModels/Products/Product.js,2,6
Code/Integration/WebPOS.Integration/Persisters/Implementation/VariantPriceRuleListPersister.cs,2,6
Code/ProjectLibraries/WebPOS.Project.Jobs/JobTypes/PricesImportJob.cs,2,6
Code/CMS/CMS/Assets/sass/themes/_form-sts.scss,2,6
Code/ProjectLibraries/WebPOS.Project.CMS.ApplicationLayer/Initialisers/Pages/MyAccount/ProfilePageModelInitialiser.cs,2,6
Code/CMS/CMS/Views/Auth/Register.cshtml,2,6
Code/Integration/WebPOS.Integration.Conversion/Pricing/PriceRuleItemToVariantPriceRuleConverter.cs,2,6
Code/Integration/WebPOS.Integration.Conversion/Prima/StockConverter.cs,2,6
Code/CMS/CMS/Assets/sass/layout/_checkout-delivery-address-page.scss,2,6
Code/ProjectLibraries/WebPOS.Project.CMS.ApplicationLayer/Initialisers/Pages/Checkout/CheckoutDeliveryOptionsPageModelInitialiser.cs,2,5
Code/CMS/CMS/Assets/sass/themes/_dropdown-menus.scss,2,5
Code/CMS/CMS/Assets/sass/themes/_breadcrumbs-sts.scss,2,5
Code/ProjectLibraries/WebPOS.Project.Jobs/JobTypes/StockRefreshJob.cs,2,5
Code/CMS/CMS/Assets/sass/modules/content-blocks/_tabbed-product-scroller.scss,2,5
Code/CMS/CMS/Assets/sass/base/_form-controls.scss,2,5
Code/CMS/CMS/Views/Ecommerce/ProductFilter.cshtml,2,5
Code/Core/WebPOS.Core.ServiceLayer/AutoMapperProfiles/StockMapperProfile.cs,2,5
Code/CMS/CMS/package.json,2,5
Database/CMS_Database/Scripts/Post-Deployment/Ref/MasterConfigurations.sql.template,2,5
Code/ProjectLibraries/WebPOS.Project.CMS.ApplicationLayer/Initialisers/Pages/MyAccount/AddressListPageModelInitialiser.cs,2,5
Code/CMS/CMS/Assets/sass/modules/controls/_product-list.scss,2,4
Code/CMS/CMS/Assets/sass/base/_icons.scss,2,4
Code/CMS/CMS/Assets/sass/layout/_basket.scss,2,4
Code/CMS/CMS/Assets/sass/modules/controls/_order-line.scss,2,4
Code/Core/WebPOS.Core.ServiceLayer/AutoMapperProfiles/NavigationPageMapperProfile.cs,2,4
Code/ProjectLibraries/WebPOS.Project.CMS.ViewModelLayer/Filters/ProductListResultsGridViewModel.cs,2,4
Code/ProjectLibraries/WebPOS.Project.CMS.ViewModelLayer/ProductPage/ProductPageGroupedMatrix1VariantViewModel.cs,2,4
Code/Core/WebPOS.Core.RepositoryLayer/App.Config,2,4
Code/CMS/CMS/app_build/app/search.js,2,4
Code/CMS/CMS/Assets/sass/base/_bootstrap-overrides.scss,2,4
Code/CMS/CMS/Assets/sass/themes/_inputs.scss,2,4
Code/Core/WebPOS.Core.DataLayer/Entities/UserEntity.cs,2,4
Code/Integration/WebPOS.Integration/Persisters/Implementation/StockPersister.cs,2,4
Code/Admin/Admin/app_build/ViewModels/Addresses/AccountAddress.js,2,4
Code/CMS/CMS/Assets/sass/layout/_checkout-confirmation.scss,2,4
Code/Admin/Admin/Views/Pages/ProductDetails.cshtml,2,4
Database/CMS_Database/Security/setup.sql,2,4
Code/CMS/CMS/Views/Shared/EditorTemplates/FormTextBox.cshtml,2,4
Code/Core/WebPOS.Core.ModelLayer/EmailManagement/EmailTypes/Data/CustomerRegistrationRequestEmailData.cs,2,4
Code/ProjectLibraries/WebPOS.Project.CMS.ViewModelLayer/PageModels/Checkout/CheckoutDeliveryOptionsPageModel.cs,2,4
Code/ProjectLibraries/WebPOS.Project.CMS.ViewModelLayer/PageModels/MyAccount/UserManagementPageModel.cs,2,4
Code/CMS/CMS/Views/MyAccount/DisplayTemplates/PrintOrderViewModel.cshtml,2,4
Code/CMS/CMS/app_build/app/address-book.js,2,4
Code/Integration/WebPOS.Integration.Conversion/Products/ProductMatricesConverter.cs,2,4
Code/Core/WebPOS.Core.ModelLayer/EmailManagement/OrderEmailExtensions.cs,2,4
Code/CMS/CMS/Assets/sass/modules/controls/_calculated-ui-price.scss,2,4
Code/Core/WebPOS.Core.ServiceLayer/ProductManagement/Implementation/ProductManager.cs,2,4
Code/CMS/CMS/Views/Ecommerce/Category.cshtml,2,4
Code/CMS/CMS/Assets/sass/modules/_sticky-footer.scss,2,4
Code/CMS/CMS/Views/Checkout/DisplayTemplates/BasketSummaryViewModel.cshtml,2,4
Code/CMS/CMS/Assets/sass/utils/_media-queries.scss,2,4
Code/ProjectLibraries/WebPOS.Project.CMS.ViewModelLayer/ProductPage/ProductPageGroupedVariantViewModel.cs,2,4
Code/ProjectLibraries/WebPOS.Project.CMS.ApplicationLayer/Initialisers/Pages/MyAccount/UserManagementPageModelInitialiser.cs,2,4
Database/CMS_Database/Scripts/Post-Deployment/Ref/Roles.sql,2,4
Database/CMS_Database/Scripts/Post-Deployment/SiteTemplates/StateSide_Skates.sql,2,4
Code/ProjectLibraries/WebPOS.Project.CMS.ViewModelLayer/Filters/UserManagementFilterSettingsViewModel.cs,2,4
Code/ProjectLibraries/WebPOS.Project.CMS.ViewModelLayer/PageModels/MyAccount/AddressListPageModel.cs,2,4
Code/CMS/CMS/Assets/sass/base/_reset.scss,2,4
Code/Integration/WebPOS.Integration/Importers/Implementation/ProductPriceImporter.cs,2,4
Code/CMS/CMS/Views/Shared/DisplayTemplates/VariantViewModel.cshtml,2,4
Code/CMS/CMS/Assets/sass/layout/_my-account.scss,2,4
Code/Core/WebPOS.Core.ServiceLayer/AutoMapperProfiles/UserMapperProfile.cs,2,4
Code/CMS/CMS/Views/Navigation/LeftNavigation.cshtml,2,4
Code/CMS/CMS/Views/Ecommerce/Controls/VariantHeader.cshtml,2,4
Code/Core/WebPOS.Core.ModelLayer/UserManagement/Roles/Role.cs,2,4
Code/ProjectLibraries/WebPOS.Project.ModelLayer/Addresses/AddressTypeIdentifiers.cs,2,4
Code/Integration/WebPOS.Integration.DTO/Responses/Prima/CustomerEnquiryResult.cs,2,3
Code/ProjectLibraries/WebPOS.Project.ModelLayer/Orders/OrderLineItemNames.cs,2,3
Code/CMS/CMS/Views/Auth/ForgotPassword.cshtml,2,3
Code/ProjectLibraries/WebPOS.Project.CMS.ServiceLayer/Filters/Auth/Stateside/HasStatesidePermissionBase.cs,2,3
Code/Integration/WebPOS.Integration/Factories/ProductImporterFactory.cs,2,3
Code/CMS/CMS/Views/Ecommerce/BundledProduct.cshtml,2,3
Code/ProjectLibraries/WebPOS.Project.CMS.ViewModelLayer/PageModels/MyAccount/BatchOrderUploadPageModel.cs,2,3
Code/ProjectLibraries/WebPOS.Project.CMS.ViewModelLayer/Layout/MiniBasketViewModel.cs,2,3
Code/CMS/CMS/Views/Shared/EditorTemplates/FormTextBoxPassword.cshtml,2,3
Code/Integration/WebPOS.Integration.DTO/Pricing/PriceRuleItem.cs,2,3
Code/Core/WebPOS.Core.RepositoryLayer/ProductManagement/Implementation/ProductRepository.cs,2,3
Code/ProjectLibraries/WebPOS.Project.CMS.ApplicationLayer/Initialisers/Pages/Checkout/BasketPageModelInitialiser.cs,2,3
Code/CMS/CMS/Views/Shared/SupportedCultures.cshtml,2,3
Code/ProjectLibraries/WebPOS.Project.CMS.ServiceLayer/WebPOS.Project.CMS.ServiceLayer.csproj,2,3
Code/Integration/WebPOS.Integration.DTO/Pricing/PriceItem.cs,2,3
Code/CMS/CMS/Views/Checkout/Basket.cshtml,2,3
Code/Integration/WebPOS.Integration.DTO/Responses/Prima/StockResult.cs,2,3
Database/CMS_Database/dbo/Tables/PagePermission.sql,2,3
Code/CMS/CMS/Views/Shared/EditorTemplates/AddressForm.cshtml,2,3
Code/Integration/WebPOS.Integration/Importers/Implementation/PriceBookImporter.cs,2,3
Code/Core/WebPOS.Core.ModelLayer/OrderManagement/OrderItemNames.cs,2,3
Code/Integration/WebPOS.Integration.DTO/Pricing/ProductPriceItem.cs,2,3
Code/CMS/CMS/app_build/modules/address.js,2,3
Code/CMS/CMS/Assets/sass/themes/_buttons-sts.scss,2,3
Code/Core/WebPOS.Core.ServiceLayer/Navigation/Implementation/NavigationManager.cs,2,3
Code/CMS/CMS/Areas/CMS/Views/MyAccount/MyAccount.cshtml,2,3
Code/ProjectLibraries/WebPOS.Project.CMS.ViewModelLayer/PageModels/MyAccount/UserDetailsPageModel.cs,2,3
Code/Core/WebPOS.Core.ServiceLayer/Basket/Implementation/OrderLineCreator.cs,2,3
Code/Core/WebPOS.Core.ModelLayer/Navigation/NavigationPageBase.cs,2,3
Code/Admin/Admin/Views/Pages/Controls/ProductManagement/BundledProducts.cshtml,2,3
Code/CMS/CMS/Views/Shared/EditorTemplates/CheckboxViewModel.cshtml,2,3
Code/CMS/CMS/Controllers/Base/SiteController.cs,2,3
Code/Core/WebPOS.Core.DataLayer/Entities/PermissionEntity.cs,2,3
Code/CMS/CMS/app_build/modules/wishlist.js,2,3
Code/Integration/WebPOS.Integration/Persisters/Implementation/AccountPersister.cs,2,3
Code/CMS/CMS/app_build/modules/basket.js,2,3
Code/CMS/CMS/Assets/sass/main.scss,2,3
Code/ProjectLibraries/WebPOS.Project.CMS.ViewModelLayer/ProductPage/ProductPagesImagesViewModel.cs,2,3
Code/ProjectLibraries/WebPOS.Project.CMS.ApplicationLayer/Initialisers/Pages/MyAccount/UserManagementModelInitialiser.cs,2,3
Code/ProjectLibraries/WebPOS.Project.CMS.ViewModelLayer/PageModels/MyAccount/MyProfilePageModel.cs,2,3
Code/CMS/CMS/app_build/modules/quickbuy.js,2,3
Code/ProjectLibraries/WebPOS.Project.CMS.ApplicationLayer/Initialisers/Pages/MyAccount/UserDetailsPageModelInitialiser.cs,2,3
Code/CMS/CMS/app_build/app/wishlist.js,2,3
Code/Integration/WebPOS.Integration.Conversion/Products/MatrixItemCsvConverter.cs,2,3
Code/CMS/CMS/Assets/sass/themes/_table-sts.scss,2,3
Code/ProjectLibraries/WebPOS.Project.CMS.ViewModelLayer/Layout/SocialLinksViewModel.cs,2,3
Code/Core/WebPOS.Core.ServiceLayer/EmailManagement/Implementation/Senders/CustomerRegistrationRequestEmailSender.cs,2,3
Code/Core/WebPOS.Core.ServiceLayer/AutoMapperProfiles/VariantMapperProfile.cs,2,3
Code/CMS/CMS/Assets/sass/layout/_batch-order-upload.scss,2,3
Code/CMS/CMS/Views/Layout/Controls/Footer.cshtml,2,3
Code/CMS/CMS/Views/MyAccount/DisplayTemplates/PrintOrderPartViewModel.cshtml,2,3
Code/CMS/CMS/Assets/sass/modules/controls/_name-form.scss,2,3
Code/ProjectLibraries/WebPOS.Project.CMS.ApplicationLayer/Initialisers/Pages/MyAccount/BatchOrderUploadPageModelInitialiser.cs,2,3
Code/Core/WebPOS.Core.ModelLayer/CustomFieldManagement/CustomField.cs,2,3
Code/CMS/CMS/Assets/sass/modules/controls/_address-form.scss,2,3
Code/Admin/Admin/app_build/ViewModels/Products/ProductBundleItem.js,2,3
Code/CMS/CMS/Views/Auth/ResetPassword.cshtml,2,3
Code/CMS/CMS/app_build/user-management.js,2,2
Code/Core/WebPOS.Core.DataLayer/Entities/WishlistVariantEntity.cs,2,2
Code/Admin/Admin/API/Variants/VariantShortController.cs,2,2
Code/ProjectLibraries/WebPOS.Project.ModelLayer/Orders/OrderItemNames.cs,2,2
Code/ProjectLibraries/WebPOS.Project.CMS.ViewModelLayer/PageModels/Content/ContactUsPageModel.cs,2,2
Code/Core/WebPOS.Core.ModelLayer/ProductManagement/Products/ProductBundleItem.cs,2,2
Database/CMS_Database/dbo/Tables/ProductBundleVariantItem.sql,2,2
Code/Admin/Admin/app_build/ViewModels/AdminPages/AdminAreaPage.js,2,2
Code/ProjectLibraries/WebPOS.Project.CMS.ViewModelLayer/ProductPage/ProductPageFromPricingViewModel.cs,2,2
Code/Admin/Admin/app_build/ViewModels/Addresses/Address.js,2,2
Code/Core/WebPOS.Core.ModelLayer/EmailManagement/EmailTypes/Data/UpdatedUserRequestData.cs,2,2
Code/ProjectLibraries/WebPOS.Project.CMS.ViewModelLayer/Basket/AddToBasketItem.cs,2,2
Database/CMS_Database/dbo/Tables/PriceBook.sql,2,2
Code/ProjectLibraries/WebPOS.Project.CMS.ViewModelLayer/Ecommerce/PriceViewModel.cs,2,2
Code/ProjectLibraries/WebPOS.Project.CMS.ViewModelLayer/PageModels/MyAccount/ChangeEmailPageModel.cs,2,2
Code/Core/WebPOS.Core.ModelLayer/EmailManagement/EmailTypes/ProjectTemplates/RemoveUserRequestEmail.cs,2,2
Code/Core/WebPOS.Core.ServiceLayer/EmailManagement/Implementation/Senders/RemoveUserRequestEmailSender.cs,2,2
Code/Core/WebPOS.Core.ModelLayer/EmailManagement/EmailTypes/ProjectTemplates/UpdatedUserRequestEmail.cs,2,2
Code/CMS/CMS/Assets/sass/themes/_clearfix-block.scss,2,2
Code/Core/WebPOS.Core.DataLayer/Entities/PagePermissionEntity.cs,2,2
Code/CMS/CMS/app_build/app/quick-order.js,2,2
Code/ProjectLibraries/WebPOS.Project.CMS.ViewModelLayer/MyAccount/UserSummaryViewModel.cs,2,2
Code/CMS/CMS/Views/Checkout/Controls/Header.cshtml,2,2
Code/Admin/Admin/app_build/Components/Html/EditPageVersion.html,2,2
Code/Core/WebPOS.Core.ModelLayer/EmailManagement/EmailTypes/Data/CustomerRegistrationCompleteEmailData.cs,2,2
Code/CMS/CMS/app_build/app/basket.js,2,2
Code/CMS/CMS/Assets/sass/themes/fonts/_park-icons.scss,2,2
Code/Core/WebPOS.Core.ModelLayer/EmailManagement/EmailTypes/ProjectTemplates/RegistrationRequestEmail.cs,2,2
Code/ProjectLibraries/WebPOS.Project.CMS.ViewModelLayer/ProductPage/ProductPageGroupedPrimaCodeVariantViewModel.cs,2,2
Code/ProjectLibraries/WebPOS.Project.CMS.ViewModelLayer/PageModels/Base/MyStatesidePageModel.cs,2,2
Code/Integration/WebPOS.Integration.DTO/Products/ProductConversionResult.cs,2,2
Code/Core/WebPOS.Core.ServiceLayer/Users/Implementation/AccountTitleManager.cs,2,2
Code/Core/WebPOS.Core.DataLayer/Entities/WishlistEntity.cs,2,2
Code/ProjectLibraries/WebPOS.Project.CMS.ViewModelLayer/MyAccount/AccountUsersSummaryViewModel.cs,2,2
Code/CMS/CMS/Assets/sass/modules/content-blocks/_responsive-image.scss,2,2
Code/ProjectLibraries/WebPOS.Project.CMS.ViewModelLayer/Ecommerce/OrderLineViewModel.cs,2,2
Code/Integration/WebPOS.Integration.DTO/Pricing/PriceBookItem.cs,2,2
Code/ProjectLibraries/WebPOS.Project.CMS.ViewModelLayer/MyAccount/AccountUserFilterResultsViewModel.cs,2,2
Code/CMS/CMS/app_build/app/news-list.js,2,2
Code/CMS/CMS/Assets/sass/themes/fonts/park-icons/_parkicon-style.scss,2,2
Code/ProjectLibraries/WebPOS.Project.Jobs/JobTypes/PrimaStockCheck.cs,2,2
Code/Core/WebPOS.Core.ServiceLayer/Users/IAccountTitleManager.cs,2,2
Code/CMS/CMS/Controllers/Pages/ContentController.cs,2,2
Code/Integration/WebPOS.Integration.Conversion/Prima/CustomerAccountItemConverter.cs,2,2
Code/ProjectLibraries/WebPOS.Project.CMS.ServiceLayer/Filters/Auth/Stateside/CanUploadBatchOrder.cs,2,2
Code/CMS/CMS/Assets/sass/themes/fonts/_purenet-fonts.scss,2,2
Code/Core/WebPOS.Core.DataLayer/Entities/BasketPromotionEntity.cs,2,2
Code/CMS/CMS/app_build/modules/user-management.js,2,2
Code/CMS/CMS/Views/Ecommerce/DisplayTemplates/PagingViewModel.cshtml,2,2
Code/Admin/Admin/Models/Initalisers/PriceRules/PriceRulesModelInitialiser.cs,2,2
Code/Core/WebPOS.Core.ServiceLayer/AutoMapperProfiles/TaxClassMapperProfile.cs,2,2
Code/Core/WebPOS.Core.DataLayer/Entities/PriceBookEntity.cs,2,2
Code/Core/WebPOS.Core.ServiceLayer/Validation/Implementation/AccountAddressValidator.cs,2,2
Code/Integration/WebPOS.Integration.Conversion/Pricing/PriceItemCsvConverter.cs,2,2
Code/ProjectLibraries/WebPOS.Project.CMS.ViewModelLayer/Layout/CheckboxViewModel.cs,2,2
Code/Core/WebPOS.Core.ServiceLayer/OrderManagement/Implementation/OrderManager.cs,2,2
Database/CMS_Database/Scripts/Post-Deployment/Ref/ProductTypes.sql,2,2
Code/CMS/CMS/Views/MyAccount/DisplayTemplates/FilterableVariantViewModel.cshtml,2,2
Code/Integration/WebPOS.Integration.Conversion/Products/MatrixListConverter.cs,2,2
Code/Integration/WebPOS.Integration.Serialisation/WebPOS.Integration.Serialisation.csproj,2,2
Code/Core/WebPOS.Core.ModelLayer/ProductManagement/Products/ProductBundle.cs,2,2
Code/Admin/Admin/API/PriceRules/PriceRuleSummaryController.cs,2,2
Code/CMS/CMS/Views/Ecommerce/DisplayTemplates/QuickBuyAttributesViewModel.cshtml,2,2
Code/ProjectLibraries/WebPOS.Project.CMS.ServiceLayer/Filters/Auth/MustHaveRole.cs,2,2
Code/Core/WebPOS.Core.ModelLayer/Attributes/AttributeNames.cs,2,2
Code/ProjectLibraries/WebPOS.Project.ServiceLayer/WebPOS.Project.ServiceLayer.csproj,2,2
Database/CMS_Database/dbo/Tables/Account.sql,2,2
Code/ProjectLibraries/WebPOS.Project.CMS.ViewModelLayer/Ecommerce/SuggestedDeliveryTypeViewModel.cs,2,2
Code/CMS/CMS/Views/MyAccount/DisplayTemplates/PrintOrderLineViewModel.cshtml,2,2
Code/Core/WebPOS.Core.ServiceLayer/EmailManagement/Implementation/Senders/CustomerRegistrationCompleteEmailSender.cs,2,2
Code/ProjectLibraries/WebPOS.Project.CMS.ViewModelLayer/Filters/AccountUserFilter.cs,2,2
Code/Core/WebPOS.Core.ModelLayer/ProductManagement/Products/ProductBundleVariantItem.cs,2,2
Code/ProjectLibraries/WebPOS.Project.Jobs/JobTypes/AllAccountBalancesJob.cs,2,2
Code/CMS/CMS/app_build/modules/user-management-filters.js,2,2
Database/CMS_Database/dbo/Tables/ProductBundleItem.sql,2,2
Code/CMS/CMS/Assets/images/bg-login.png,2,2
Code/CMS/CMS/Assets/sass/themes/_breadcrumbs.scss,2,2
Code/CMS/CMS/Assets/sass/utils/spritesmith-generated/sprite.scss,2,2
Code/Core/WebPOS.Core.RepositoryLayer/OrderManagementEntityDataModel.edmx.diagram,2,2
Code/CMS/CMS/Assets/sass/themes/_fonts.scss,2,2
Code/Core/WebPOS.Core.ServiceLayer/AutoMapperInitialiser.cs,2,2
Code/Core/WebPOS.Core.DataLayer/Entities/ProductBundleItemEntity.cs,2,2
Code/Admin/Admin/app_build/ViewModels/Products/ProductBundleVariantItem.js,2,2
Code/Core/WebPOS.Core.ServiceLayer/EmailManagement/Implementation/Senders/UpdatedUserRequestEmailSender.cs,2,2
Code/CMS/CMS/Assets/images/Stateside-logo.png,2,2
Database/CMS_Database/setup/Stored Procedures/CreatePagePermission.sql,2,2
Code/Core/WebPOS.Core.ModelLayer/EmailManagement/EmailTypes/Data/RemoveUserRequestData.cs,2,2
Code/ProjectLibraries/WebPOS.Project.CMS.ApplicationLayer/Initialisers/Filters/AccountUserFilterInitialiser.cs,2,2
Code/CMS/CMS/Views/Ecommerce/DisplayTemplates/MultipleOrderlineViewModel.cshtml,2,2
Code/Admin/Admin/app_build/Services/Variants/VariantShortService.js,2,2
Code/ProjectLibraries/WebPOS.Project.CMS.ViewModelLayer/Ecommerce/BasketViewModel.cs,2,2
Code/CMS/CMS/Assets/sass/themes/_buttons.scss,2,2
Code/CMS/CMS/Views/Ecommerce/EditorTemplates/SubmitReviewForm.cshtml,2,2
Code/Core/WebPOS.Core.DataLayer/Entities/PageEntity.cs,2,2
Code/CMS/CMS/Assets/sass/themes/fonts-and-icons/_fonts.scss,2,2
Code/Integration/WebPOS.Integration/Importers/IProductImporter.cs,2,2
Code/CMS/CMS/app_build/app/base-product.js,2,2
Code/Admin/Admin/app_build/ViewModels/Products/ProductBundle.js,2,2
Code/CMS/CMS/Views/Shared/DisplayTemplates/PriceBandViewModel.cshtml,2,2
Code/Core/WebPOS.Core.CMS.ServiceLayer/HtmlHelpers/HtmlHelpers.cs,2,2
Code/Core/WebPOS.Core.ServiceLayer/CategoryManagement/Implementation/CategoryManager.cs,2,2
Code/Core/WebPOS.Core.ModelLayer/Filters/ProductFilterSettings.cs,2,2
Code/Core/WebPOS.Core.DataLayer/Entities/CurrencyTypeEntity.cs,2,2
Code/Admin/Admin/app_build/Components/Models/edit-page-version.js,2,2
Code/Integration/WebPOS.Integration.DTO/Requests/Prima/MultiStockRequest.cs,2,2
Code/ProjectLibraries/WebPOS.Project.CMS.ViewModelLayer/PageModels/MyAccount/MyStatesideHomePageModel.cs,2,2
Code/CMS/CMS/Assets/sass/modules/controls/_order-address.scss,2,2
Code/CMS/CMS/Assets/sass/themes/fonts/park-icons/_parkicon-variables.scss,2,2
Code/Integration/WebPOS.Integration.DTO/Products/MatrixStructureItem.cs,2,2
Code/ProjectLibraries/WebPOS.Project.CMS.ViewModelLayer/Filters/FilterableVariantViewModel.cs,2,2
Code/CMS/CMS/Views/MyAccount/DisplayTemplates/PrintOrderAddressViewModel.cshtml,2,2
Code/Admin/Admin/Models/Initalisers/Accounts/AccountDetailsInitialiser.cs,2,2
Code/Core/WebPOS.Core.DataLayer/Entities/PriceEntity.cs,2,2
Code/Integration/WebPOS.Integration.Conversion/Products/ProductListConverter.cs,1,14
Code/ProjectLibraries/WebPOS.Project.Jobs/JobTypes/ProductImportJob.cs,1,11
Code/Integration/WebPOS.Integration.Conversion/Products/ProductConverter.cs,1,8
Code/ProjectLibraries/WebPOS.Project.CMS.ApplicationLayer/Initialisers/Pages/MyAccount/AddressPageModelInitialiser.cs,1,6
Code/CMS/CMS/Assets/sass/themes/_nav-tabs.scss,1,6
Code/ProjectLibraries/WebPOS.Project.Jobs/JobTypes/ImportExcludedProductsJob.cs,1,6
Code/Integration/WebPOS.Integration.Conversion/ExcludedProducts/ExcludedProductToAccountConverter.cs,1,5
Code/ProjectLibraries/WebPOS.Project.CMS.ViewModelLayer/PageModels/Auth/RegistrationPageModel.cs,1,5
Code/ProjectLibraries/WebPOS.Project.CMS.ApplicationLayer/Initialisers/Pages/Auth/RegistrationPageModelInitialiser.cs,1,5
Code/ProjectLibraries/WebPOS.Project.CMS.ApplicationLayer/Initialisers/Pages/Ecommerce/ProductListPageModelInitialiser.cs,1,5
Code/Integration/WebPOS.Integration.Conversion/Prima/OfflineOrderItemConverter.cs,1,5
Code/ProjectLibraries/WebPOS.Project.CMS.ViewModelLayer/Resources/Resources.fr.resx,1,5
Code/Integration/WebPOS.Integration.Conversion/Prima/OfflineOrderLineItemConverter.cs,1,5
Code/ProjectLibraries/WebPOS.Project.Jobs/JobTypes/PrimaOrderStatusImportJob.cs,1,4
Code/ProjectLibraries/WebPOS.Project.Jobs/JobTypes/PrimaOfflineOrderImportJob.cs,1,4
Code/Integration/WebPOS.Integration.Conversion/Prima/OrderLineStatusConverter.cs,1,4
Code/CMS/CMS/Assets/sass/layout/_checkout-login-page.scss,1,4
Code/ProjectLibraries/WebPOS.Project.CMS.ViewModelLayer/PageModels/Ecommerce/ProductListPageModel.cs,1,4
Code/Integration/WebPOS.Integration.Conversion/Prima/OfflineOrderBillingAddressConverter.cs,1,4
Code/Integration/WebPOS.Integration.Serialisation/Implementation/CsvDeserialiser.cs,1,4
Code/Integration/WebPOS.Integration.Conversion/Prima/OfflineOrderDeliveryAddressConverter.cs,1,4
Code/CMS/CMS/Assets/sass/themes/_sidebar-styles.scss,1,4
Code/Integration/WebPOS.Integration.Conversion/Prima/OrderStatusResultConverter.cs,1,4
Code/ProjectLibraries/WebPOS.Project.Jobs/JobTypes/AccountImportJob.cs,1,4
Code/Integration/WebPOS.Integration/Persisters/Implementation/OrderEntityPersister.cs,1,4
Code/CMS/CMS/Assets/sass/utils/_sprites.scss,1,4
Code/CMS/CMS/Assets/sass/layout/_news-list.scss,1,3
Code/CMS/CMS/Assets/sass/layout/_blog.scss,1,3
Code/CMS/CMS/Assets/sass/layout/_manufacturer-content.scss,1,3
Code/CMS/CMS/Assets/sass/modules/controls/_checkout-basket-edit.scss,1,3
Code/ProjectLibraries/WebPOS.Project.CMS.ApplicationLayer/Initialisers/Pages/MyAccount/OrderDetailsPageModelInitialiser.cs,1,3
Code/Integration/WebPOS.Integration.Conversion/Prima/OfflineOrderResultConverter.cs,1,3
Code/CMS/CMS/Views/Checkout/Confirmation.cshtml,1,3
Code/CMS/CMS/Assets/sass/layout/_category-page.scss,1,3
Code/Integration/WebPOS.Integration.Conversion/Accounts/AccountAddressConverter.cs,1,3
Code/ProjectLibraries/WebPOS.Project.CMS.ViewModelLayer/PageModels/Checkout/CheckoutPaymentAccountPOPageModel.cs,1,3
Code/ProjectLibraries/WebPOS.Project.CMS.ApplicationLayer/Initialisers/Pages/Checkout/CheckoutPaymentAccountPOPageModelInitialiser.cs,1,3
Code/Integration/WebPOS.Integration/Persisters/Implementation/AccountListPersister.cs,1,3
Code/CMS/CMS/Assets/sass/layout/_quick-order.scss,1,3
Code/Integration/WebPOS.Integration.DTO/Responses/Prima/FullStockResult.cs,1,3
Code/Core/WebPOS.Core.ServiceLayer/AutoMapperProfiles/ProductMapperProfile.cs,1,3
Code/CMS/CMS/Assets/sass/layout/_checkout-delivery-options-page.scss,1,3
Code/Integration/WebPOS.Integration/Persisters/Implementation/OrderListPersister.cs,1,3
Code/ProjectLibraries/WebPOS.Project.Jobs/JobTypes/PrimaNewOrdersExportJob.cs,1,3
Code/Core/WebPOS.Core.ServiceLayer/EmailManagement/Implementation/Senders/UpdatedProfileRequestEmailSender.cs,1,3
Code/CMS/CMS/Views/MyAccount/DisplayTemplates/OrderDetailsPartViewModel.cshtml,1,3
Code/ProjectLibraries/WebPOS.Project.CMS.ViewModelLayer/MyAccount/OrderDetailsViewModel.cs,1,3
Code/CMS/CMS/Assets/sass/modules/content-blocks/_responsive-scroller.scss,1,3
Code/Integration/WebPOS.Integration.Conversion/Accounts/AccountConverter.cs,1,3
Code/CMS/CMS/Assets/sass/layout/_contact.scss,1,3
Code/CMS/CMS/Assets/sass/modules/_checkout-footer.scss,1,3
Code/Integration/WebPOS.Integration.Conversion/NewOrders/OrderToPrimaNewOrderConverter.cs,1,3
Database/CMS_Database/Scripts/Post-Deployment/Ref/Jobs.sql,1,3
Code/CMS/CMS/Views/MyAccount/DisplayTemplates/OrderDetailsViewModel.cshtml,1,3
Code/CMS/CMS/Assets/sass/modules/_breadcrumb.scss,1,3
Code/Integration/WebPOS.Integration.API/Readers/Implementation/SftpDirectoryReader.cs,1,3
Code/CMS/CMS/Assets/sass/modules/controls/_checkout-basket.scss,1,2
Code/CMS/CMS/Assets/sass-old/layout/_quick-order.scss,1,2
Code/CMS/CMS/Assets/sass-old/utils/mixins/_triangles.scss,1,2
Code/CMS/CMS/Assets/sass-old/base/_form-controls.scss,1,2
Code/Core/WebPOS.Core.ServiceLayer/ProductManagement/Implementation/ProductSummaryManager.cs,1,2
Code/CMS/CMS/Assets/sass-old/base/_core.scss,1,2
Code/CMS/CMS/Assets/sass-old/utils/_vendors.scss,1,2
Code/CMS/CMS/Assets/sass-old/utils/vendors/bootstrap/_type.scss,1,2
Code/CMS/CMS/Assets/sass-old/modules/controls/_address-form.scss,1,2
Code/CMS/CMS/Assets/sass-old/utils/vendors/bootstrap/_badges.scss,1,2
Code/CMS/CMS/Assets/sass-old/utils/vendors/bootstrap/_modals.scss,1,2
Code/CMS/CMS/Assets/sass-old/utils/mixins/_hover-focus.scss,1,2
Code/CMS/CMS/Assets/sass/layout/_forgot-password.scss,1,2
Code/CMS/CMS/Assets/sass-old/layout/_order-details.scss,1,2
Code/CMS/CMS/Assets/sass-old/utils/vendors/bootstrap/mixins/_pagination.scss,1,2
Code/CMS/CMS/Assets/sass-old/utils/vendors/bootstrap/_utilities.scss,1,2
Code/CMS/CMS/Assets/sass-old/utils/vendors/bootstrap/mixins/_panels.scss,1,2
Code/CMS/CMS/Assets/sass-old/styles.scss,1,2
Code/Core/WebPOS.Core.DataLayer/Entities/MediaIndexEntity.cs,1,2
Code/CMS/CMS/Assets/sass-old/utils/mixins/_betweenbreakpoints.scss,1,2
Code/CMS/CMS/Assets/sass-old/modules/controls/_category-summary.scss,1,2
Code/CMS/CMS/Assets/sass/themes/_uikit.scss,1,2
Code/CMS/CMS/Assets/sass-old/utils/vendors/toastr/toastr.min.css,1,2
Code/CMS/CMS/Assets/sass-old/utils/vendors/bootstrap/mixins/_responsive-visibility.scss,1,2
Code/CMS/CMS/Assets/sass-old/themes/fonts/_park-icons.scss,1,2
Code/CMS/CMS/Assets/sass-old/base/_fonts.scss,1,2
Code/CMS/CMS/Assets/sass-old/layout/_content.scss,1,2
Code/CMS/CMS/Assets/sass-old/modules/controls/_checkout-basket-edit.scss,1,2
Code/CMS/CMS/Assets/sass-old/modules/content-blocks/_tabbed-product-scroller.scss,1,2
Code/CMS/CMS/Assets/sass/utils/vendors/_bootstrap.scss,1,2
Code/CMS/CMS/Assets/sass-old/modules/controls/_product-summary.scss,1,2
Code/CMS/CMS/Views/MyAccount/DisplayTemplates/Accounts.cshtml,1,2
Code/CMS/CMS/Assets/sass/themes/_dropdown.scss,1,2
Code/CMS/CMS/Views/ResponsiveContent/Blocks/EditorTemplates/MultipleImagesBlock.cshtml,1,2
Code/CMS/CMS/Assets/sass-old/utils/mixins/_min-breakpoint.scss,1,2
Code/CMS/CMS/Assets/sass-old/utils/mixins/_keyframes.scss,1,2
Code/CMS/CMS/Assets/sass-old/utils/vendors/_bootstrap.scss,1,2
Code/ProjectLibraries/WebPOS.Project.ServiceLayer/Integration/Implementation/PrimaService.cs,1,2
Code/CMS/CMS/Assets/sass-old/themes/_bootstrap-overrides.scss,1,2
Code/CMS/CMS/Assets/sass-old/modules/controls/_basket-summary.scss,1,2
Code/Integration/WebPOS.Integration/Exporters/IExporter.cs,1,2
Code/CMS/CMS/Assets/sass-old/layout/_checkout-delivery-address-page.scss,1,2
Code/Core/WebPOS.Core.DataLayer/Entities/AccountAddressEntity.cs,1,2
Code/CMS/CMS/Assets/sass-old/modules/controls/_range-ui-price.scss,1,2
Code/CMS/CMS/Assets/sass-old/utils/vendors/bootstrap-slider/bootstrap-slider.css,1,2
Code/CMS/CMS/Assets/images/sprites/icon-checkbox.png,1,2
Code/ProjectLibraries/WebPOS.Project.CMS.ApplicationLayer/Initialisers/Pages/MyAccount/MyAccountPageModelInitialiser.cs,1,2
Code/CMS/CMS/Assets/sass/modules/content-blocks/_responsive-image-with-title.scss,1,2
Code/Core/WebPOS.Core.ServiceLayer/PriceManagement/Implementations/CalculatedPriceProcessor.cs,1,2
Code/CMS/CMS/Assets/images/sprites/icon-checkbox@2x.png,1,2
Code/CMS/CMS/Assets/sass-old/utils/vendors/slick/slick-theme.css,1,2
Code/CMS/CMS/Assets/sass-old/modules/_left-navigation.scss,1,2
Code/CMS/CMS/Assets/sass/modules/controls/_variant-summary.scss,1,2
Code/CMS/CMS/Assets/sass-old/utils/vendors/slick/fonts/Web.config,1,2
Code/Integration/WebPOS.Integration.API/Readers/Implementation/SftpInputToDtoObjectReader.cs,1,2
Code/CMS/CMS/Assets/sass-old/modules/controls/_address.scss,1,2
Code/Core/WebPOS.Core.ServiceLayer/Invoices/Implementation/InvoiceProcessor.cs,1,2
Code/Integration/WebPOS.Integration.API/Builders/ISftpRequestDataBuilder.cs,1,2
Code/CMS/CMS/Assets/sass-old/utils/mixins/_inner-shadow.scss,1,2
Code/CMS/CMS/Assets/sass-old/utils/vendors/bootstrap/_close.scss,1,2
Code/CMS/CMS/Assets/sass-old/modules/controls/_product-review.scss,1,2
Code/CMS/CMS/Assets/sass-old/utils/vendors/bootstrap/mixins/_alerts.scss,1,2
Code/CMS/CMS/Views/Shared/EditorTemplates/FormDropDown.cshtml,1,2
Code/Admin/Admin/Models/Initalisers/Users/UserDetailsInitialiser.cs,1,2
Code/Core/WebPOS.Core.ModelLayer/VariantManagement/VariantPrice.cs,1,2
Code/CMS/CMS/Assets/sass-old/utils/_extends.scss,1,2
Code/CMS/CMS/Assets/sass-old/utils/vendors/bootstrap/_tooltip.scss,1,2
Code/CMS/CMS/Assets/sass-old/layout/_checkout-confirmation.scss,1,2
Code/Integration/WebPOS.Integration/Importers/Implementation/PricesImporter.cs,1,2
Code/CMS/CMS/Assets/sass-old/utils/mixins/_rounded-corners.scss,1,2
Code/CMS/CMS/Assets/sass-old/modules/controls/_order-vouchers.scss,1,2
Code/CMS/CMS/Assets/sass-old/themes/fonts/park-icons/_parkicon-style.scss,1,2
Code/Integration/WebPOS.Integration.Conversion/Accounts/AccountItemCsvConverter.cs,1,2
Code/CMS/CMS/Assets/sass-old/utils/vendors/bootstrap/mixins/_reset-text.scss,1,2
Database/CMS_Database/dbo/Tables/AccountAddress.sql,1,2
Code/CMS/CMS/Assets/sass-old/utils/mixins/_linear-gradient-angle.scss,1,2
Code/CMS/CMS/Assets/sass-old/modules/controls/_calculated-ui-price.scss,1,2
Code/CMS/CMS/Assets/sass/utils/vendors/slick/fonts/Web.config,1,2
Code/CMS/CMS/Assets/sass-old/modules/content-blocks/_responsive-image.scss,1,2
Code/CMS/CMS/Assets/sass-old/utils/vendors/slick/slick.min.css,1,2
Code/CMS/CMS/Assets/sass-old/utils/vendors/bootstrap/_responsive-embed.scss,1,2
Code/CMS/CMS/Assets/sass-old/modules/_paging.scss,1,2
Code/CMS/CMS/Assets/sass-old/utils/vendors/slick/fonts/slick.ttf,1,2
Code/CMS/CMS/Assets/sass-old/modules/controls/_checkout-user-address.scss,1,2
Code/CMS/CMS/Assets/sass-old/utils/mixins/_margin-auto.scss,1,2
Code/CMS/CMS/Assets/sass-old/utils/mixins/_hide-text.scss,1,2
Code/Integration/WebPOS.Integration.DTO/Responses/Prima/CustomerEnquiryResponse.cs,1,2
Code/CMS/CMS/Assets/sass-old/modules/_checkout-header.scss,1,2
Code/CMS/CMS/Assets/sass-old/modules/controls/_slick.scss,1,2
Code/CMS/CMS/Assets/sass/modules/controls/_order-part.scss,1,2
Code/CMS/CMS/Assets/sass-old/utils/vendors/bootstrap/_progress-bars.scss,1,2
Code/CMS/CMS/Assets/sass-old/utils/vendors/bootstrap/_scaffolding.scss,1,2
Code/CMS/CMS/Assets/sass-old/utils/vendors/bootstrap/_media.scss,1,2
Code/ProjectLibraries/WebPOS.Project.CMS.ViewModelLayer/PageModels/Ecommerce/BundledProductPageModel.cs,1,2
Database/CMS_Database/dbo/Tables/User.sql,1,2
Code/Admin/Admin/Wysiwyg/Blocks/MultipleImagesBlock.js,1,2
Code/CMS/CMS/Assets/sass-old/utils/vendors/bootstrap/_grid.scss,1,2
Code/Integration/WebPOS.Integration.Conversion/Accounts/AccountListConverter.cs,1,2
Code/CMS/CMS/Assets/sass-old/modules/controls/_product-filters.scss,1,2
Code/CMS/CMS/Assets/sass-old/utils/vendors/bootstrap/_wells.scss,1,2
Code/Core/WebPOS.Core.ModelLayer/AccountManagement/AccountAddress.cs,1,2
Code/CMS/CMS/Assets/sass/modules/controls/_search-product-summary.scss,1,2
Code/CMS/CMS/Assets/sass-old/layout/_register.scss,1,2
Code/CMS/CMS/Assets/sass-old/utils/vendors/bootstrap/mixins/_nav-vertical-align.scss,1,2
Code/Integration/WebPOS.Integration.DTO/Requests/Prima/OfflineOrderRequest.cs,1,2
Code/CMS/CMS/Assets/sass-old/layout/_my-profile.scss,1,2
Code/CMS/CMS/Assets/images/sprites/icon-dropdownarrow.png,1,2
Code/Core/WebPOS.Core.DataLayer/Entities/ProductEntity.cs,1,2
Code/CMS/CMS/Assets/sass-old/layout/_product-page.scss,1,2
Code/CMS/CMS/Assets/sass-old/layout/_home.scss,1,2
Code/CMS/CMS/Assets/sass-old/utils/vendors/bootstrap/mixins/_tab-focus.scss,1,2
Code/CMS/CMS/Assets/sass-old/utils/mixins/_retina.scss,1,2
Code/CMS/CMS/Assets/sass-old/utils/vendors/bootstrap/_list-group.scss,1,2
Code/CMS/CMS/Assets/sass-old/modules/_checkout-footer.scss,1,2
Code/CMS/CMS/Assets/sass-old/modules/controls/_variant-summary.scss,1,2
Code/CMS/CMS/Assets/sass-old/utils/mixins/_translate.scss,1,2
Code/CMS/CMS/Assets/sass-old/modules/controls/_order-line.scss,1,2
Code/CMS/CMS/Assets/sass-old/layout/_category-page.scss,1,2
Code/ProjectLibraries/WebPOS.Project.CMS.ApplicationLayer/Initialisers/Pages/Ecommerce/CategoryPageModelInitialiser.cs,1,2
Code/ProjectLibraries/WebPOS.Project.CMS.ViewModelLayer/PageModels/MyAccount/OrderHistoryPageModel.cs,1,2
Code/ProjectLibraries/WebPOS.Project.CMS.ViewModelLayer/ProductPage/ProductPageBundledProductViewModel.cs,1,2
Code/CMS/CMS/Assets/sass-old/utils/mixins/_placeholder.scss,1,2
Code/CMS/CMS/Assets/sass-old/utils/vendors/bootstrap/mixins/_vendor-prefixes.scss,1,2
Code/CMS/CMS/Assets/sass-old/modules/controls/_review-reminder.scss,1,2
Code/CMS/CMS/Assets/sass-old/utils/vendors/bootstrap/_navbar.scss,1,2
Code/Core/WebPOS.Core.ServiceLayer/Extensions/ProductSummaryExtensions.cs,1,2
Code/CMS/CMS/Assets/sass-old/modules/controls/_responsive-image.scss,1,2
Code/CMS/CMS/Assets/sass-old/utils/vendors/bootstrap/_code.scss,1,2
Code/CMS/CMS/Assets/sass-old/utils/vendors/bootstrap/_mixins.scss,1,2
Database/CMS_Database/Scripts/Post-Deployment/Ref/StockLocations.sql,1,2
Code/CMS/CMS/Assets/sass-old/utils/mixins/_breakpoint.scss,1,2
Code/CMS/CMS/Assets/sass-old/layout/_layout.scss,1,2
Code/CMS/CMS/Assets/sass-old/utils/vendors/bootstrap/_thumbnails.scss,1,2
Code/CMS/CMS/Assets/sass-old/utils/_media-queries.scss,1,2
Code/Integration/WebPOS.Integration/Importers/IPricesImporter.cs,1,2
Code/CMS/CMS/Assets/sass-old/utils/vendors/slick/slick.css,1,2
Code/ProjectLibraries/WebPOS.Project.ServiceLayer/Integration/IPrimaService.cs,1,2
Code/CMS/CMS/Assets/sass-old/themes/_uikit.scss,1,2
Code/CMS/CMS/Assets/sass-old/utils/vendors/bootstrap/mixins/_clearfix.scss,1,2
Code/Core/WebPOS.Core.ModelLayer/EmailManagement/EmailTypes/ProjectTemplates/ReviewReceivedEmail.cs,1,2
Code/CMS/CMS/Views/Ecommerce/DisplayTemplates/ProductPageImagesViewModel.cshtml,1,2
Code/Integration/WebPOS.Integration/Persisters/Implementation/AccountExcludedItemListPersister.cs,1,2
Code/CMS/CMS/Assets/sass-old/layout/_news-list.scss,1,2
Code/CMS/CMS/Assets/sass-old/modules/controls/_name-form.scss,1,2
Code/CMS/CMS/Views/Checkout/EditorTemplates/OrderlineViewModel.cshtml,1,2
Code/CMS/CMS/Assets/sass-old/utils/vendors/bootstrap/_pagination.scss,1,2
Code/CMS/CMS/Assets/sass-old/utils/vendors/bootstrap/_variables.scss,1,2
Code/CMS/CMS/Assets/sass-old/utils/vendors/bootstrap/_glyphicons.scss,1,2
Code/Integration/WebPOS.Integration.API/Readers/Implementation/SftpFileReader.cs,1,2
Code/ProjectLibraries/WebPOS.Project.ModelLayer/CustomFields/CustomFieldObjectTypes.cs,1,2
Database/CMS_Database/dbo/Stored Procedures/Variant_Save.sql,1,2
Code/CMS/CMS/Assets/sass-old/utils/vendors/bootstrap/_labels.scss,1,2
Code/ProjectLibraries/WebPOS.Project.CMS.ViewModelLayer/PageModels/Checkout/CheckoutConfirmationPageModel.cs,1,2
Code/CMS/CMS/Assets/sass-old/modules/_sticky-footer.scss,1,2
Code/CMS/CMS/Assets/sass/webpack-main.css,1,2
Code/CMS/CMS/Assets/images/spritesheets/spritesheet.png,1,2
Code/CMS/CMS/Assets/sass-old/utils/vendors/bootstrap/mixins/_buttons.scss,1,2
Code/CMS/CMS/Views/Checkout/PaymentAccountPO.cshtml,1,2
Code/CMS/CMS/Assets/sass-old/modules/controls/_checkout-basket.scss,1,2
Code/Admin/Admin/app_build/App/ProductDetailsAdminPageModel.js,1,2
Code/CMS/CMS/Assets/sass-old/utils/mixins/_max-breakpoint.scss,1,2
Code/CMS/CMS/Assets/sass-old/utils/vendors/slick/fonts/slick.woff,1,2
Code/CMS/CMS/Assets/sass-old/utils/vendors/bootstrap/mixins/_table-row.scss,1,2
Code/CMS/CMS/Assets/sass-old/layout/_my-cards.scss,1,2
Code/CMS/CMS/Assets/sass-old/base/_ss-font-variables.scss,1,2
Code/CMS/CMS/Assets/sass-old/utils/vendors/bootstrap/mixins/_grid-framework.scss,1,2
Code/CMS/CMS/Assets/sass-old/utils/vendors/bootstrap/mixins/_progress-bar.scss,1,2
Code/CMS/CMS/Assets/sass-old/layout/_basket.scss,1,2
Code/CMS/CMS/Assets/sass/modules/controls/_ui-price-total.scss,1,2
Code/CMS/CMS/Assets/sass-old/themes/_fonts.scss,1,2
Code/CMS/CMS/Assets/sass-old/utils/vendors/jqcloud/jqcloud.min.css,1,2
Code/ProjectLibraries/WebPOS.Project.CMS.ApplicationLayer/Initialisers/Pages/MyAccount/OrderHistoryPageModelInitialiser.cs,1,2
Code/CMS/CMS/Assets/sass-old/utils/mixins/_clearfix.scss,1,2
Code/CMS/CMS/Assets/sass-old/utils/mixins/_text-shadow.scss,1,2
Code/ProjectLibraries/WebPOS.Project.CMS.ViewModelLayer/MyAccount/AccountOrdersSummaryViewModel.cs,1,2
Code/CMS/CMS/Assets/sass-old/utils/vendors/bootstrap/_navs.scss,1,2
Code/CMS/CMS/Assets/sass-old/utils/mixins/_inline-block.scss,1,2
Code/CMS/CMS/Assets/sass-old/utils/vendors/bootstrap/_dropdowns.scss,1,2
Code/CMS/CMS/Assets/sass-old/utils/vendors/bootstrap/_carousel.scss,1,2
Code/CMS/CMS/Assets/sass-old/utils/vendors/bootstrap/_print.scss,1,2
Code/Integration/WebPOS.Integration/Directors/IIntegrationWriterDirector.cs,1,2
Code/CMS/CMS/Assets/sass-old/layout/_checkout-login-page.scss,1,2
Code/CMS/CMS/Assets/images/sprites/icon-dropdownarrow@2x.png,1,2
Code/CMS/CMS/Assets/sass-old/utils/vendors/bootstrap/mixins/_nav-divider.scss,1,2
Code/CMS/CMS/Assets/sass-old/utils/vendors/slick/ajax-loader.gif,1,2
Code/CMS/CMS/Assets/sass-old/layout/_my-orders.scss,1,2
Code/CMS/CMS/Assets/sass-old/base/_bootstrap-overrides.scss,1,2
Code/CMS/CMS/Assets/sass-old/themes/fonts/park-icons/_parkicon-variables.scss,1,2
Code/CMS/CMS/Assets/sass-old/themes/fonts/_purenet-fonts.scss,1,2
Code/CMS/CMS/Assets/sass-old/utils/vendors/bootstrap/_component-animations.scss,1,2
Code/CMS/CMS/Views/Shared/EditorTemplates/FormTextArea.cshtml,1,2
Code/CMS/CMS/Assets/sass-old/modules/_header.scss,1,2
Code/CMS/CMS/Assets/sass-old/utils/vendors/bootstrap/_jumbotron.scss,1,2
Code/CMS/CMS/Assets/sass/themes/_paging.scss,1,2
Code/CMS/CMS/Assets/sass-old/utils/vendors/bootstrap/_forms.scss,1,2
Code/CMS/CMS/Assets/sass-old/modules/controls/_order-address.scss,1,2
Code/Core/WebPOS.Core.ModelLayer/UserManagement/Roles/RolePermission.cs,1,2
Code/CMS/CMS/Assets/sass-old/base/_reset.scss,1,2
Code/CMS/CMS/Views/MyAccount/DisplayTemplates/AccountOrdersSummaryViewModel.cshtml,1,2
Code/CMS/CMS/Views/MyAccount/Controls/EditAccountUser.cshtml,1,2
Code/CMS/CMS/Assets/sass-old/utils/vendors/bootstrap/mixins/_grid.scss,1,2
Code/CMS/CMS/Assets/sass/utils/vendors/bootstrap/_variables.scss,1,2
Code/CMS/CMS/Assets/sass-old/utils/vendors/bootstrap/_alerts.scss,1,2
Code/ProjectLibraries/WebPOS.Project.CMS.ViewModelLayer/QuickBuy/QuickBuyGroupedMatrix1VariantViewModel.cs,1,2
Code/CMS/CMS/Assets/sass-old/layout/_my-stateside.scss,1,2
Database/CMS_Database/dbo/Stored Procedures/Product_Search.sql,1,2
Code/CMS/CMS/Assets/sass-old/utils/vendors/toastr/toastr.css,1,2
Code/ProjectLibraries/WebPOS.Project.CMS.ViewModelLayer/PageModels/MyAccount/MyAccountPageModel.cs,1,2
Code/Core/WebPOS.Core.ModelLayer/PriceRuleManagement/PriceRuleBase.cs,1,2
Code/CMS/CMS/Assets/sass-old/layout/_change-email.scss,1,2
Code/CMS/CMS/Assets/sass-old/utils/mixins/_animate-link.scss,1,2
Code/CMS/CMS/Assets/sass-old/utils/vendors/bootstrap/mixins/_border-radius.scss,1,2
Code/CMS/CMS/Assets/sass-old/layout/_change-password.scss,1,2
Code/CMS/CMS/Assets/sass-old/modules/controls/_price-band.scss,1,2
Code/CMS/CMS/Assets/sass/utils/vendors/slick/slick.css,1,2
Code/CMS/CMS/Assets/sass-old/layout/_content-full.scss,1,2
Code/CMS/CMS/Views/Shared/DisplayTemplates/PrintOrderPartViewModel.cshtml,1,2
Code/CMS/CMS/Assets/sass-old/utils/vendors/slick/fonts/slick.eot,1,2
Code/CMS/CMS/Assets/sass-old/utils/mixins/_transform.scss,1,2
Code/Integration/WebPOS.Integration.API/Builders/Implementation/SftpRequestDataBuilder.cs,1,2
Code/CMS/CMS/Assets/sass-old/utils/mixins/_replace-text.scss,1,2
Code/CMS/CMS/Assets/sass-old/utils/vendors/slick/fonts/slick.svg,1,2
Code/CMS/CMS/Assets/sass-old/layout/_address-details.scss,1,2
Code/CMS/CMS/Assets/sass-old/modules/controls/_product-list.scss,1,2
Code/CMS/CMS/Assets/sass-old/modules/controls/_edit-user-address.scss,1,2
Code/Core/WebPOS.Core.ServiceLayer/Users/Implementation/AccountAddressManager.cs,1,2
Code/CMS/CMS/Assets/sass-old/utils/vendors/bootstrap/_input-groups.scss,1,2
Code/CMS/CMS/Assets/sass-old/utils/vendors/bootstrap/_buttons.scss,1,2
Code/Core/BuildSolution/BuildSolution.csproj,1,2
Code/ProjectLibraries/WebPOS.Project.CMS.ApplicationLayer/Initialisers/Pages/Base/BaseProductPageModelInitialiser.cs,1,2
Code/CMS/CMS/Assets/sass-old/modules/_breadcrumb.scss,1,2
Code/CMS/CMS/Assets/sass-old/utils/vendors/bootstrap/mixins/_text-emphasis.scss,1,2
Code/Core/WebPOS.Core.ModelLayer/VariantManagement/Variant.cs,1,2
Code/Core/WebPOS.Core.ModelLayer/PriceRuleManagement/Dtos/PriceRuleSummaryFilter.cs,1,2
Code/CMS/CMS/Assets/sass-old/utils/vendors/bootstrap/_responsive-utilities.scss,1,2
Code/CMS/CMS/Assets/sass-old/utils/vendors/bootstrap/mixins/_reset-filter.scss,1,2
Code/CMS/CMS/Assets/sass-old/utils/vendors/bootstrap/mixins/_background-variant.scss,1,2
Code/Integration/WebPOS.Integration.API/Readers/Implementation/FtpDirectoryToDtoObjectReader.cs,1,2
Code/CMS/CMS/Assets/sass-old/utils/vendors/bootstrap/mixins/_opacity.scss,1,2
Code/Core/WebPOS.Core.RepositoryLayer/VariantManagement/Implementation/VariantRepository.cs,1,2
Code/CMS/CMS/Assets/sass-old/utils/vendors/bootstrap/_tables.scss,1,2
Code/CMS/CMS/Assets/sass-old/utils/vendors/jqcloud/jqcloud.css,1,2
Code/CMS/CMS/Assets/sass-old/utils/vendors/bootstrap/_normalize.scss,1,2
Code/CMS/CMS/Assets/sass-old/utils/mixins/_rem.scss,1,2
Code/Admin/Admin/app_build/App/PageTreeAdminPageModel.js,1,2
Code/CMS/CMS/Assets/sass-old/utils/vendors/bootstrap/mixins/_text-overflow.scss,1,2
Code/CMS/CMS/Assets/sass-old/utils/vendors/bootstrap/mixins/_gradients.scss,1,2
Code/Integration/WebPOS.Integration/Exporters/Implementation/Exporter.cs,1,2
Code/CMS/CMS/Assets/sass-old/utils/vendors/bootstrap/mixins/_list-group.scss,1,2
Code/CMS/CMS/Assets/sass-old/utils/mixins/_opacity.scss,1,2
Code/CMS/CMS/Assets/sass/modules/controls/_category-summary.scss,1,2
Code/ProjectLibraries/WebPOS.Project.CMS.ViewModelLayer/PageModels/Auth/ResetPasswordPageModel.cs,1,2
Code/CMS/CMS/Assets/sass-old/layout/_my-accounts.scss,1,2
Code/CMS/CMS/Assets/sass/layout/_content-full.scss,1,2
Code/CMS/CMS/Assets/sass-old/utils/vendors/bootstrap/mixins/_forms.scss,1,2
Code/CMS/CMS/Assets/sass-old/modules/controls/_quick-buy.scss,1,2
Code/Integration/WebPOS.Integration.DTO/Requests/Prima/OrderStatusRequest.cs,1,2
Code/CMS/CMS/Assets/sass-old/utils/mixins/_animations.scss,1,2
Code/CMS/CMS/Views/MyAccount/DisplayTemplates/OrderDetailsLineViewModel.cshtml,1,2
Code/CMS/CMS/Assets/sass-old/modules/controls/_checkout-account-address.scss,1,2
Code/CMS/CMS/Assets/sass-old/utils/vendors/bootstrap/mixins/_image.scss,1,2
Code/CMS/CMS/Assets/sass-old/utils/vendors/bootstrap/_popovers.scss,1,2
Code/Integration/WebPOS.Integration.API/WebPOS.Integration.API.csproj,1,2
Code/CMS/CMS/Assets/sass-old/utils/vendors/bootstrap/_button-groups.scss,1,2
Code/CMS/CMS/Assets/sass-old/utils/vendors/bootstrap/mixins/_center-block.scss,1,2
Code/CMS/CMS/Assets/sass-old/utils/vendors/bootstrap/mixins/_labels.scss,1,2
Code/CMS/CMS/Views/ResponsiveContent/Blocks/MultipleImagesBlockViewModel.cshtml,1,2
Code/CMS/CMS/Assets/sass-old/layout/_login.scss,1,2
Code/CMS/CMS/Assets/css/webpack-main.css,1,2
Code/CMS/CMS/Assets/sass-old/utils/vendors/bootstrap/_panels.scss,1,2
Code/CMS/CMS/Assets/sass-old/modules/controls/_order-part.scss,1,2
Code/CMS/CMS/Assets/images/spritesheets/spritesheet-2x.png,1,2
Code/CMS/CMS/Assets/sass-old/modules/_footer.scss,1,2
Code/CMS/CMS/Assets/sass-old/modules/content-blocks/_responsive-scroller.scss,1,2
Code/CMS/CMS/Assets/sass/modules/controls/_review-reminder.scss,1,2
Code/CMS/CMS/Assets/sass-old/utils/mixins/_linear-gradient.scss,1,2
Code/CMS/CMS/Assets/sass/themes/_contents.scss,1,2
Code/CMS/CMS/Assets/sass-old/utils/vendors/bootstrap/mixins/_resize.scss,1,2
Code/CMS/CMS/Assets/sass/themes/_quantity.scss,1,2
Code/CMS/CMS/Assets/sass-old/base/_icons.scss,1,2
Code/ProjectLibraries/WebPOS.Project.CMS.ApplicationLayer/Initialisers/Pages/Ecommerce/BundledProductPageModelInitialiser.cs,1,2
Code/CMS/CMS/Assets/sass-old/utils/vendors/bootstrap/_theme.scss,1,2
Code/CMS/CMS/Assets/sass-old/utils/vendors/slick/slick-theme.min.css,1,2
Code/Core/WebPOS.Core.RepositoryLayer/PriceRuleManagement/Implementation/PriceRuleSummaryRepository.cs,1,2
Code/Integration/WebPOS.Integration/Directors/IIntegrationReaderDirector.cs,1,2
Code/CMS/CMS/Assets/sass-old/utils/_mixins.scss,1,2
Code/ProjectLibraries/WebPOS.Project.ModelLayer/Carriers/CarrierTypeBase.cs,1,2
Code/Core/WebPOS.Core.ModelLayer/Addresses/Address.cs,1,2
Code/CMS/CMS/Assets/sass-old/base/_ss-fonts.scss,1,2
Code/CMS/CMS/Assets/sass-old/layout/_product-list-page.scss,1,2
Code/CMS/CMS/Assets/sass-old/layout/_blog.scss,1,2
Code/CMS/CMS/Assets/sass/modules/controls/_slick.scss,1,2
Code/ProjectLibraries/WebPOS.Project.ModelLayer/Configurations/ConfigurationNames.cs,1,2
Code/CMS/CMS/Assets/sass-old/modules/controls/_ui-price-total.scss,1,2
Code/CMS/CMS/Assets/sass/modules/controls/_responsive-image.scss,1,2
Code/CMS/CMS/Assets/sass-old/base/_variables.scss,1,2
Code/Core/WebPOS.Core.ServiceLayer/AccountManagement/Implementation/AccountPaymentProcessor.cs,1,2
Code/CMS/CMS/Assets/sass-old/layout/_address-book.scss,1,2
Code/ProjectLibraries/WebPOS.Project.ModelLayer/CustomFields/CustomFieldValues.cs,1,2
Code/CMS/CMS/Assets/sass-old/utils/vendors/bootstrap/mixins/_size.scss,1,2
Code/CMS/CMS/Assets/sass-old/utils/vendors/bootstrap/mixins/_hide-text.scss,1,2
Code/CMS/CMS/Assets/sass-old/utils/vendors/bootstrap/_breadcrumbs.scss,1,2
Code/CMS/CMS/Assets/sass-old/utils/mixins/_transitions.scss,1,2
Code/CMS/CMS/Assets/sass-old/layout/_checkout-delivery-options-page.scss,1,2
Code/CMS/CMS/Assets/sass/utils/_extends.scss,1,2
Code/CMS/CMS/Assets/sass-old/layout/_my-wishlist.scss,1,2
Code/CMS/CMS/Assets/sass-old/modules/_main-menu.scss,1,2
Code/Integration/WebPOS.Integration.Conversion/NewOrders/OrderListToMultiNewOrderRequestConverter.cs,1,2
Code/Core/WebPOS.Core.ServiceLayer/Pages/Implementation/PageManager.cs,1,2
Code/CMS/CMS/Assets/sass-old/utils/vendors/bootstrap/_pager.scss,1,2
Code/CMS/CMS/Views/MyAccount/OrderFilter.cshtml,1,2
Code/Integration/WebPOS.Integration.DTO/Responses/Prima/OfflineOrderResult.cs,1,1
Code/Core/WebPOS.Core.ServiceLayer/PromotionManagement/IBasketPromotionManagerFactory.cs,1,1
Code/Core/WebPOS.Core.ServiceLayer/AutoMapperProfiles/OrderMapperProfile.cs,1,1
Code/WorldPayTemplates/html view/Phone.png,1,1
Code/WorldPayTemplates/Tick.png,1,1
Code/ProjectLibraries/WebPOS.Project.CMS.ApplicationLayer/Initialisers/Pages/MyAccount/CardsPageModelInitialiser.cs,1,1
Code/CMS/CMS/Assets/sass/modules/controls/_checkout-account-address.scss,1,1
Code/Integration/WebPOS.Integration.DTO/Responses/Prima/MultiNewOrderResult.cs,1,1
Code/CMS/CMS/Views/Shared/EditorTemplates/NameForm.cshtml,1,1
Code/ProjectLibraries/WebPOS.Project.CMS.ViewModelLayer/PageModels/Base/BaseProductPageModel.cs,1,1
Code/Core/WebPOS.Core.DataLayer/Entities/ResponsiveContent_MultipleImagesItemEntity.cs,1,1
Code/CMS/CMS/Controllers/PaymentGateway/WorldPayController.cs,1,1
Code/CMS/CMS/Assets/sass/modules/controls/_price-band.scss,1,1
Code/ProjectLibraries/WebPOS.Project.CMS.ServiceLayer/Filters/Auth/Stateside/CanViewProducts.cs,1,1
Code/ProjectLibraries/WebPOS.Project.ModelLayer/ResponsiveContent/Models/MultipleImagesBlock.cs,1,1
Code/Core/WebPOS.Core.RepositoryLayer/Promotions/Implementation/BasketPromotionRepositoryFactory.cs,1,1
Code/Integration/WebPOS.Integration/Properties/AssemblyInfo.cs,1,1
Code/ProjectLibraries/WebPOS.Project.CMS.ApplicationLayer/Initialisers/Pages/Base/SitePageModelInitialiser.cs,1,1
Code/CMS/CMS/Assets/sass/themes/fonts-and-icons/_icons.scss,1,1
Code/ProjectLibraries/WebPOS.Project.CMS.ViewModelLayer/ResponsiveContent/ContactUsBlockViewModel.cs,1,1
Code/ProjectLibraries/WebPOS.Project.ModelLayer/Promotions/CTAPromotion.cs,1,1
Code/Core/WebPOS.Core.ServiceLayer/Validation/Implementation/AccountValidator.cs,1,1
Code/Core/Utilities/WebPOS.Utilities.PriceRule/app.config.template,1,1
Code/Core/WebPOS.Core.ModelLayer/PageManagement/Page.cs,1,1
Code/Integration/WebPOS.Integration.Tests/SoapRequestWithDataImportTests.cs,1,1
Code/CMS/CMS/Views/Shared/EditorTemplates/AddressFormTextBox.cshtml,1,1
Code/Admin/Admin/app_build/Components/Models/product-search.js,1,1
Code/Core/WebPOS.Core.ModelLayer/EmailManagement/EmailTypes/Data/UpdatedEmailRequestData.cs,1,1
Database/CMS_Database/dbo/Functions/GetPriceRuleSummary.sql,1,1
Code/ProjectLibraries/WebPOS.Project.ServiceLayer/AutoMapperProfiles/ResponsiveContentBlocksMapperProfile.cs,1,1
Code/WorldPayTemplates/html view/bg-header.png,1,1
Code/CMS/CMS/Assets/fonts/PurenetCommonIcons.svg,1,1
Code/Core/WebPOS.Core.DataLayer/Entities/OrderAddressEntity.cs,1,1
Code/ProjectLibraries/WebPOS.Project.ModelLayer/Carriers/DhlEasyCarrierType.cs,1,1
Code/Core/WebPOS.Core.ServiceLayer/Extensions/ProductImageExtensions.cs,1,1
Code/ProjectLibraries/WebPOS.Project.ModelLayer/CMS/Auth/CmsLogin.cs,1,1
Code/CMS/CMS/app_build/modules/ajax.js,1,1
Database/CMS_Database/setup/Stored Procedures/CreateJob.sql,1,1
Code/Integration/WebPOS.Integration.DTO/Soap/SoapEnvelope.cs,1,1
Database/CMS_Database/Scripts/Post-Deployment/Ref/StockLocations.sql.template,1,1
Code/ProjectLibraries/WebPOS.Project.CMS.ViewModelLayer/ProductPage/ProductPageDownloadTabViewModel.cs,1,1
Code/Integration/WebPOS.Integration.Tests/SOAP/PrimaConverter.cs,1,1
Code/Integration/WebPOS.Integration.API/Properties/AssemblyInfo.cs,1,1
Code/CMS/CMS/Assets/sass/layout/_home.scss,1,1
Code/ProjectLibraries/WebPOS.Project.ModelLayer/Downloads/DownloadFile.cs,1,1
Code/ProjectLibraries/WebPOS.Project.CMS.ViewModelLayer/PageModels/Ecommerce/CategoryPageModel.cs,1,1
Code/WorldPayTemplates/html view/Tick.png,1,1
Code/Core/WebPOS.Core.ServiceLayer/Validation/Implementation/UserValidator.cs,1,1
Code/Core/WebPOS.Core.DataLayer/Entities/OrderEntity.cs,1,1
Code/ProjectLibraries/WebPOS.Project.ModelLayer/Roles/Permissions/PermissionNames.cs,1,1
Code/Tasks/WebPOS.Core.Tasks.JobChecker/WebPOS.Core.Tasks.JobChecker.csproj,1,1
Code/Tasks/WebPOS.Core.Tasks.MQSE/scripts/install.bat,1,1
Code/ProjectLibraries/WebPOS.Project.ModelLayer/Carriers/UkMailCarrierType.cs,1,1
Code/Core/WebPOS.Core.ServiceLayer/EmailManagement/Implementation/Senders/OrderUpdateEmailSender.cs,1,1
Code/ProjectLibraries/WebPOS.Project.CMS.ViewModelLayer/PageModels/MyAccount/SecurityPageModel.cs,1,1
Code/Core/WebPOS.Core.ServiceLayer/EmailManagement/Implementation/Senders/CustomerRegistrationEmailSender.cs,1,1
Code/CMS/CMS/Views/Shared/EditorTemplates/AddressFormDropDown.cshtml,1,1
Code/Core/WebPOS.Core.ServiceLayer/AutoMapperProfiles/StockLocationMapperProfile.cs,1,1
Code/Core/WebPOS.Core.ServiceLayer/CustomFieldManagement/Implementation/CustomFieldManager.cs,1,1
Code/ProjectLibraries/WebPOS.Project.CMS.ViewModelLayer/PageModels/MyAccount/MyAccountHomePageModel.cs,1,1
Code/ProjectLibraries/WebPOS.Project.Jobs/JobTypes/StockNotificationJob.cs,1,1
Code/ProjectLibraries/WebPOS.Project.CMS.ViewModelLayer/Print/PrintOrderAddressViewModel.cs,1,1
Code/Core/WebPOS.Core.ModelLayer/EmailManagement/EnquiryDetails.cs,1,1
Code/Admin/Admin/app_build/ViewModels/Products/ProductFile.js,1,1
Code/ProjectLibraries/WebPOS.Project.ServiceLayer/Promotions/Implementation/CTAPromotionManager.cs,1,1
Code/ProjectLibraries/WebPOS.Project.CMS.ViewModelLayer/Print/PrintLineViewModel.cs,1,1
Code/Integration/WebPOS.Integration.API/Builders/Implementation/SoapRequestDataBuilder.cs,1,1
Code/Integration/WebPOS.Integration/Handlers/Implementation/IntegrationErrorEventHandler.cs,1,1
Code/Core/WebPOS.Core.ModelLayer/EmailManagement/EmailTypes/ProjectTemplates/RemoveAddressRequestEmail.cs,1,1
Code/Admin/Admin/Wysiwyg/wysiwyg-init.js,1,1
Code/CMS/CMS/Assets/sass/utils/vendors/toastr/toastr.css,1,1
Database/CMS_Database/prp/Functions/GetPriceRuleBases.sql,1,1
Code/Core/WebPOS.Core.DataLayer/Entities/RolePermissionEntity.cs,1,1
Code/CMS/CMS/Assets/sass/modules/controls/_product-downloads.scss,1,1
Code/ProjectLibraries/WebPOS.Project.CMS.ServiceLayer/Filters/Auth/Stateside/CanViewUserManagement.cs,1,1
Code/Core/WebPOS.Core.ModelLayer/CalculatedPriceManagement/PriceRuleProcessorPriceRule.cs,1,1
Code/Core/WebPOS.Core.RepositoryLayer/Promotions/IBasketPromotionRepositoryFactory.cs,1,1
Database/CMS_Database/dbo/Stored Procedures/BasketPromotion_CTAPromotion_Save.sql,1,1
Code/CMS/CMS/app_build/app/batch-order-upload.js,1,1
Code/ProjectLibraries/WebPOS.Project.CMS.ServiceLayer/Filters/Auth/Stateside/CanViewOrderHistory.cs,1,1
Code/Core/WebPOS.Core.RepositoryLayer/WebPOS.Core.RepositoryLayer.csproj,1,1
Code/Integration/WebPOS.Integration.Tests/FtpDirectoryRequestTests.cs,1,1
Code/Core/WebPOS.Core.ModelLayer/UserManagement/Roles/Permissions/Permission.cs,1,1
Code/CMS/CMS/Views/Ecommerce/DisplayTemplates/ProductPageDownloadTabViewModel.cshtml,1,1
Code/ProjectLibraries/WebPOS.Project.ModelLayer/Roles/RoleNames.cs,1,1
Code/WorldPayTemplates/stylesheet.css,1,1
Code/CMS/CMS/app_build/bundled-products.js,1,1
Code/ProjectLibraries/WebPOS.Project.CMS.ViewModelLayer/Forms/SubmitReviewForm.cs,1,1
Code/Core/WebPOS.Core.ServiceLayer/EmailManagement/Implementation/Senders/B2BEnquiryReceiptEmailSender.cs,1,1
Database/CMS_Database/setup/Stored Procedures/CreateRolePermission.sql,1,1
Code/SiteBuilder/Scripts/Modules/CustomFields.sql,1,1
Code/WorldPayTemplates/html view/header.html,1,1
Database/CMS_Database/dbo/Stored Procedures/ProductPriceRule_Save.sql,1,1
Code/CMS/CMS/App_Start/Startup.SimpleInjector.cs,1,1
Code/Admin/Admin/app_build/ViewModels/Roles/RolePermission.js,1,1
Code/CMS/CMS/app_build/app/checkout-delivery-address.js,1,1
Code/Core/WebPOS.Core.DataLayer/Entities/ResponsiveContent_MultipleImagesEntity.cs,1,1
Code/Integration/WebPOS.Integration.API/Builders/ISoapRequestDataBuilder.cs,1,1
Database/CMS_Database/dbo/Tables/Address.sql,1,1
Code/Core/WebPOS.Core.ModelLayer/UserManagement/UserAddress.cs,1,1
Code/CMS/CMS/app_build/app/checkout-delivery-options.js,1,1
Code/Core/WebPOS.Core.ModelLayer/Sorting/SortIdentifier.cs,1,1
Code/ProjectLibraries/WebPOS.Project.RepositoryLayer/ProjectRepositoriesModule.cs,1,1
Code/ProjectLibraries/WebPOS.Project.CMS.ViewModelLayer/PageModels/MyAccount/ProfilePageModel.cs,1,1
Code/ProjectLibraries/WebPOS.Project.Jobs/JobTypes/ExampleSystemJob.cs,1,1
Code/Admin/Admin/Views/Pages/Controls/ProductManagement/ProductFiles.cshtml,1,1
Code/Core/WebPOS.Core.ServiceLayer/Users/IAccountAddressManager.cs,1,1
Code/PaymentGateways/WebPOS.Core.PaymentGateway.WorldPay.Business/Transactions/Request/WorldPayPaymentRequest.cs,1,1
Code/Core/WebPOS.Core.ServiceLayer/CategoryManagement/Implementation/CategorySummaryManager.cs,1,1
Code/Integration/WebPOS.Integration.Serialisation/Properties/AssemblyInfo.cs,1,1
Code/Admin/Admin/app_build/ViewModels/Categories/Category.js,1,1
Code/Core/WebPOS.Core.DataLayer/Entities/IntegrationTimeEntity.cs,1,1
Code/Core/WebPOS.Core.ServiceLayer/EmailManagement/Implementation/Senders/RemoveAddressRequestEmailSender.cs,1,1
Code/CMS/CMS/app_build/app/bundled-products.js,1,1
Code/WorldPayTemplates/bg-header.png,1,1
Code/Integration/WebPOS.Integration/Handlers/Factories/SftpRequestEventFactory.cs,1,1
Database/CMS_Database/dbo/Tables/ProductCategoryRelations.sql,1,1
Code/Integration/WebPOS.Integration.Conversion/Prima/CustomerAccountConverter.cs,1,1
Code/Core/WebPOS.Core.ServiceLayer/AccountManagement/IAccountPaymentProcessor.cs,1,1
Code/Admin/Admin/AdminModule.cs,1,1
Code/Admin/Admin/app_build/ViewModels/Roles/Role.js,1,1
Code/ProjectLibraries/WebPOS.Project.CMS.ViewModelLayer/PageModels/MyAccount/OrderDetailsPageModel.cs,1,1
Code/ProjectLibraries/WebPOS.Project.CMS.ApplicationLayer/Initialisers/Pages/Checkout/CheckoutConfirmationPageModelInitialiser.cs,1,1
Code/ProjectLibraries/WebPOS.Project.Jobs/JobTypes/ExampleSiteJob.cs,1,1
Code/CMS/CMS/app_build/modules/batch-order-upload.js,1,1
Database/CMS_Database/dbo/Stored Procedures/Wishlist_LoadByUserId.sql,1,1
Database/CMS_Database/dbo/Tables/AccountExcludedVariant.sql,1,1
Code/ProjectLibraries/WebPOS.Project.ServiceLayer/Validation/Implementation/CTAPromotionValidator.cs,1,1
Code/CMS/CMS/Views/Ecommerce/DisplayTemplates/ProductPageInformationViewModel.cshtml,1,1
Code/WorldPayTemplates/html view/Stateside-logo.png,1,1
Code/CMS/CMS/Views/Ecommerce/DisplayTemplates/QuickBuyGroupedMatrix1VariantViewModel.cshtml,1,1
Code/Tasks/WebPOS.Core.Tasks.MQSE/App.config.template,1,1
Code/Admin/Admin/Models/PageModels/UserDetailsAdminPageModel.cs,1,1
Code/Admin/Admin/API/BasketPromotions/BasketPromotionController.cs,1,1
Code/ProjectLibraries/WebPOS.Project.ModelLayer/Orders/PrimaOrderStatusNames.cs,1,1
Code/Admin/Admin/app_build/BindingHandlers/DateTimePickerBinding.js,1,1
Database/CMS_Database/dbo/Stored Procedures/BasketPromotion_CTAPromotion_Load.sql,1,1
Code/Integration/WebPOS.Integration.Conversion/Products/ProductItemCsvConverter.cs,1,1
Code/Core/WebPOS.Core.ServiceLayer/EntityManagement/Implementation/GenericEntityManager.cs,1,1
Code/Core/WebPOS.Core.ServiceLayer/ProductCategoryManagement/Implementation/ProductCategoryRelationManager.cs,1,1
Code/Core/WebPOS.Core.ServiceLayer/EmailManagement/Implementation/Senders/B2CEnquiryReceiptEmailSender.cs,1,1
Code/Core/WebPOS.Core.ModelLayer/UserManagement/User.cs,1,1
Code/ProjectLibraries/WebPOS.Project.CMS.ServiceLayer/Filters/Auth/Stateside/CanViewMyProfile.cs,1,1
Code/Admin/Admin/app_build/ViewModels/Pages/Page.js,1,1
Code/ProjectLibraries/WebPOS.Project.CMS.ServiceLayer/Filters/Auth/Stateside/CanAddFavourites.cs,1,1
Code/Core/WebPOS.Core.ModelLayer/EmailManagement/EmailTypes/ProjectTemplates/UpdatedAddressRequestEmail.cs,1,1
Code/Core/WebPOS.Core.ServiceLayer/EmailManagement/Implementation/Senders/UpdatedEmailRequestEmailSender.cs,1,1
Code/Core/WebPOS.Core.ModelLayer/CategoryManagement/Category.cs,1,1
Code/Core/WebPOS.Core.ServiceLayer/Validation/Implementation/VariantValidator.cs,1,1
Code/Core/WebPOS.Core.ServiceLayer/CategoryManagement/ICategorySummaryManager.cs,1,1
Code/ProjectLibraries/WebPOS.Project.ModelLayer/Carriers/DachserCarrierType.cs,1,1
Code/Core/WebPOS.Core.ServiceLayer/Basket/IBasketService.cs,1,1
Code/ProjectLibraries/WebPOS.Project.CMS.ViewModelLayer/MyAccount/OrderSummaryViewModel.cs,1,1
Database/CMS_Database/dbo/Functions/GetVariant.sql,1,1
Code/Core/WebPOS.Core.ServiceLayer/EmailManagement/Implementation/Senders/UpdatedDefaultAddressRequestEmailSender.cs,1,1
Code/Core/WebPOS.Core.ModelLayer/EmailManagement/EmailTypes/Data/UpdatedAddressRequestData.cs,1,1
Database/CMS_Database/setup/Stored Procedures/CreateCustomField.sql,1,1
Code/ProjectLibraries/WebPOS.Project.RepositoryLayer/WebPOS.Project.RepositoryLayer.csproj,1,1
Database/CMS_Database/Scripts/Post-Deployment/Ref/Languages.sql,1,1
Code/Integration/WebPOS.Integration.DTO/ExcludedProducts/AccountExcludedItem.cs,1,1
Code/CMS/CMS/Views/Ecommerce/DisplayTemplates/QuickBuyMatrix1OptionsViewModel.cshtml,1,1
Code/ProjectLibraries/WebPOS.Project.CMS.ViewModelLayer/Ecommerce/BasketSummaryViewModel.cs,1,1
Code/CMS/CMS/Assets/sass/modules/content-blocks/_responsive-multiple-images.scss,1,1
Code/WorldPayTemplates/Phone.png,1,1
Code/Core/WebPOS.Core.ModelLayer/EmailManagement/EmailTypes/Data/UpdatedDefaultAddressRequestData.cs,1,1
Code/Core/WebPOS.Core.DataLayer/Entities/AddressEntity.cs,1,1
Code/Admin/Admin/Views/Pages/Controls/PromotionManagement/CTAPromotions.cshtml,1,1
Code/Integration/WebPOS.Integration/Persisters/Implementation/OrderPersister.cs,1,1
Code/Admin/Admin/Views/Pages/Controls/CategoryManagement/EditCategory.cshtml,1,1
Database/OrderManagement_Database/dbo/Tables/OrderLinePriceRuleInformation.sql,1,1
Code/CMS/CMS/Views/Ecommerce/DisplayTemplates/QuickBuyAddToBasket.cshtml,1,1
Database/CMS_Database/dbo/Tables/ResponsiveContent_MultipleImages.sql,1,1
Code/Core/WebPOS.Core.ServiceLayer/Validation/Implementation/AddressValidator.cs,1,1
Code/ProjectLibraries/WebPOS.Project.CMS.ServiceLayer/Filters/Auth/CannotBeLoggedIn.cs,1,1
Code/CMS/CMS/Assets/images/Dropdown_Arrow.png,1,1
Code/CMS/CMS/Views/ResponsiveContent/Blocks/ContactUsBlockViewModel.cshtml,1,1
Code/CMS/CMS/Assets/sass/modules/controls/_order-vouchers.scss,1,1
Code/Core/WebPOS.Core.DataLayer/Entities/TaxClassEntity.cs,1,1
Code/CMS/CMS/app_build/lib/jquery.bootstrap-responsive-tabs.min.js,1,1
Code/Core/WebPOS.Core.DataLayer/Entities/StockLocationEntity.cs,1,1
Code/PaymentGateways/WebPOS.Core.PaymentGateway.WorldPay.Business/WebPOS.Core.PaymentGateway.WorldPay.Business.csproj,1,1
Code/Core/WebPOS.Core.ModelLayer/EmailManagement/EmailTypes/ProjectTemplates/UpdatedDefaultAddressRequestEmail.cs,1,1
Code/Core/WebPOS.Core.ServiceLayer/EntityManagement/IGenericEntityManager.cs,1,1
Code/ProjectLibraries/WebPOS.Project.ModelLayer/Carriers/CarrierTypeIdentifiers.cs,1,1
Code/Core/WebPOS.Core.RepositoryLayer/CalculatedPriceManagement/Implementation/PriceRuleProcessorRepository.cs,1,1
Code/Integration/WebPOS.Integration.DTO/Accounts/AccountItem.cs,1,1
Code/CMS/CMS/Views/Layout/Controls/CheckoutHeader.cshtml,1,1
Code/ProjectLibraries/WebPOS.Project.CMS.ViewModelLayer/Pricing/DisplayPrice.cs,1,1
Code/Integration/WebPOS.Integration/Importers/IPriceBandsImporter.cs,1,1
Database/CMS_Database/dbo/Tables/RolePermission.sql,1,1
Code/ProjectLibraries/WebPOS.Project.CMS.ViewModelLayer/Filters/ProductFilterQueryableSettingsViewModel.cs,1,1
Code/Core/WebPOS.Core.Layer/WebPOS.Core.Layer.csproj,1,1
Database/CMS_Database/dbo/Stored Procedures/VariantPriceRule_Save.sql,1,1
Code/Core/WebPOS.Core.ServiceLayer/OrderManagement/Implementation/OrderStatusProcessor.cs,1,1
Code/ProjectLibraries/WebPOS.Project.CMS.ApplicationLayer/Initialisers/Filters/OrdersFilterInitialiser.cs,1,1
Code/WorldPayTemplates/html view/footer.html,1,1
Code/CMS/CMS/Views/Ecommerce/DisplayTemplates/QuickBuyVariantViewModel.cshtml,1,1
Code/Integration/WebPOS.Integration.Conversion/Pricing/PriceItemToPriceRuleItemConverter.cs,1,1
Code/Integration/WebPOS.Integration.DTO/Requests/Prima/CustomerEnquiry.cs,1,1
Code/Admin/Admin/Views/Pages/Controls/PageTreeManagement/EditPageTitleModal.cshtml,1,1
Code/Integration/WebPOS.Integration.DTO/Responses/Prima/OrderStatusResult.cs,1,1
Code/ProjectLibraries/WebPOS.Project.CMS.ViewModelLayer/Print/PrintOrderLineViewModel.cs,1,1
Code/ProjectLibraries/WebPOS.Project.CMS.ViewModelLayer/MyAccount/OrderDetailsPartViewModel.cs,1,1
Database/CMS_Database/Security/prp.sql,1,1
Code/Integration/WebPOS.Integration.API/Discarder/Implementation/SftpFileDiscarder.cs,1,1
Code/Core/WebPOS.Core.DataLayer/Entities/ProductFileEntity.cs,1,1
Code/ProjectLibraries/WebPOS.Project.CMS.ViewModelLayer/Forms/ContactUsForm.cs,1,1
Code/CMS/CMS/Assets/sass/themes/_links.scss,1,1
Code/ProjectLibraries/WebPOS.Project.CMS.ViewModelLayer/Ecommerce/VariantViewModel.cs,1,1
Code/ProjectLibraries/WebPOS.Project.CMS.ServiceLayer/Filters/Auth/CheckoutConfirmation.cs,1,1
Code/WebPOS.sln,1,1
Code/Core/WebPOS.Core.ServiceLayer/Validation/Implementation/ProductValidator.cs,1,1
Code/CMS/CMS/app_build/product.js,1,1
Code/ProjectLibraries/WebPOS.Project.CMS.ApplicationLayer/Initialisers/Pages/Ecommerce/ReviewReminderPageModelInitialiser.cs,1,1
Code/Core/WebPOS.Core.ModelLayer/EmailManagement/EmailTypes/Data/UpdatedProfileRequestData.cs,1,1
Code/Admin/Admin/app_build/App/UserDetailsAdminPageModel.js,1,1
Code/ProjectLibraries/WebPOS.Project.CMS.ViewModelLayer/PageModels/Checkout/BasketPageModel.cs,1,1
Code/Core/WebPOS.Core.ModelLayer/EmailManagement/EmailTypes/ProjectTemplates/OrderUpdateEmail.cs,1,1
Code/Core/WebPOS.Core.DataLayer/Entities/RoleEntity.cs,1,1
Code/Core/WebPOS.Core.RepositoryLayer/ProductManagement/Implementation/ProductFileRepository.cs,1,1
Code/ProjectLibraries/WebPOS.Project.CMS.ViewModelLayer/Print/PrintOrderPartViewModel.cs,1,1
Code/WorldPayTemplates/html view/stylesheet.css,1,1
Code/CMS/CMS/Assets/images/Dealer-backgroundimg.png,1,1
Code/Core/WebPOS.Core.DataLayer/Entities/CategoryEntity.cs,1,1
Code/ProjectLibraries/WebPOS.Project.CMS.ViewModelLayer/PageModels/Auth/LoginPageModel.cs,1,1
Code/ProjectLibraries/WebPOS.Project.CMS.ViewModelLayer/Attributes/LocalisedRequiredAttribute.cs,1,1
Code/CMS/CMS/app_build/search.js,1,1
Code/CMS/CMS/Assets/images/sprites/icon-footerlinks.png,1,1
Code/CMS/CMS/app_build/product-list.js,1,1
Code/WorldPayTemplates/header.html,1,1
Database/CMS_Database/dbo/Stored Procedures/CategoryPriceRule_Save.sql,1,1
Database/CMS_Database/Scripts/Post-Deployment/Ref/PromotionTypes.sql,1,1
Code/ProjectLibraries/WebPOS.Project.CMS.ViewModelLayer/PageModels/Base/SitePageModel.cs,1,1
Code/ProjectLibraries/WebPOS.Project.CMS.ServiceLayer/Filters/Auth/Stateside/CanViewMediaDownloadArea.cs,1,1
Code/Core/WebPOS.Core.ModelLayer/EmailManagement/EmailTypes/ProjectTemplates/UpdatedEmailRequestEmail.cs,1,1
Code/ProjectLibraries/WebPOS.Project.CMS.ViewModelLayer/Filters/OrderHistoryFilterSettingsViewModel.cs,1,1
Code/ProjectLibraries/WebPOS.Project.CMS.ApplicationLayer/Initialisers/Pages/MyAccount/WishlistPageModelInitialiser.cs,1,1
Code/ProjectLibraries/WebPOS.Project.CMS.ViewModelLayer/Orders/OrderFilterResultsViewModel.cs,1,1
Code/CMS/CMS/Assets/images/sprites/icon-footerlinks@2x.png,1,1
Code/ProjectLibraries/WebPOS.Project.ModelLayer/Roles/RoleExtensions.cs,1,1
Code/WorldPayTemplates/html view/CheckoutArrow1.png,1,1
Code/Integration/WebPOS.Integration.DTO/Requests/Prima/FullStockRequest.cs,1,1
Code/CMS/CMS/Assets/sass/layout/_user-management-details.scss,1,1
Code/Core/WebPOS.Core.ModelLayer/EmailManagement/EmailTypes/ProjectTemplates/UpdatedProfileRequestEmail.cs,1,1
Code/Admin/Admin/app_build/App/BasketPromotionsAdminPageModel.js,1,1
Code/Core/WebPOS.Core.ServiceLayer/VariantManagement/Implementation/VariantShortManager.cs,1,1
Code/ProjectLibraries/WebPOS.Project.CMS.ViewModelLayer/PageModels/MyAccount/CardsPageModel.cs,1,1
Code/Integration/WebPOS.Integration.API/Movers/Implementation/SftpMover.cs,1,1
Database/CMS_Database/dbo/Tables/ProductFiles.sql,1,1
Code/Integration/WebPOS.Integration.Conversion/Pricing/PriceBandListConverter.cs,1,1
Code/CMS/CMS/app_build/app/order-details.js,1,1
Code/ProjectLibraries/WebPOS.Project.CMS.ServiceLayer/Filters/Auth/Stateside/CanChangeEmailPassword.cs,1,1
Code/Core/WebPOS.Core.ModelLayer/OrderManagement/OrderLine.cs,1,1
Code/CMS/CMS/Assets/sass/utils/_vendors.scss,1,1
Code/Integration/WebPOS.Integration.DTO/Stock/StockItem.cs,1,1
Code/Integration/WebPOS.Integration/Directors/Implementation/IntegrationReaderDirector.cs,1,1
Code/Admin/Admin/app_build/ViewModels/BasketPromotions/Promotions/CTAPromotionBasketPromotion.js,1,1
Database/CMS_Database/dbo/Functions/GetProductFile.sql,1,1
Code/Tasks/WebPOS.Core.Tasks.MQSE/scripts/uninstall.bat,1,1
Code/ProjectLibraries/WebPOS.Project.CMS.ViewModelLayer/QuickBuy/QuickBuyViewModel.cs,1,1
Code/WorldPayTemplates/Stateside-logo.png,1,1
Code/ProjectLibraries/WebPOS.Project.CMS.ViewModelLayer/Forms/AddressForm.cs,1,1
Code/CMS/CMS/Assets/sass/modules/controls/_address.scss,1,1
Code/Core/Tests/WebPOS.Core.ServiceLayer.Tests/DeliveryManagement/DeliveryTypeProcessor/DeliveryTypeRuleAsTargetCountdownTest.cs,1,1
Database/OrderManagement_Database/dbo/Tables/OrderLineItem.sql,1,1
Database/CMS_Database/dbo/Stored Procedures/PriceRuleSummary_Filtered.sql,1,1
Code/Core/WebPOS.Core.RepositoryLayer/PriceRuleManagement/Implementation/PriceRuleBaseRepository.cs,1,1
Code/ProjectLibraries/WebPOS.Project.CMS.ServiceLayer/Filters/Auth/Stateside/CanLoginLogoutB2BUser.cs,1,1
Code/CMS/CMS/Views/Ecommerce/DisplayTemplates/ProductPageReviewSuccessModal.cshtml,1,1
Code/ProjectLibraries/WebPOS.Project.RepositoryLayer/Promotions/Implementation/CTAPromotionRepository.cs,1,1
Database/CMS_Database/dbo/Stored Procedures/PriceRuleBase_Save.sql,1,1
Code/ProjectLibraries/WebPOS.Project.ModelLayer/Attributes/AttributeNames.cs,1,1
Code/ProjectLibraries/WebPOS.Project.CMS.ServiceLayer/Filters/Auth/Stateside/CanViewMyAccount.cs,1,1
Code/ProjectLibraries/WebPOS.Project.CMS.ViewModelLayer/MyAccount/OrderDetailsLineViewModel.cs,1,1
Database/CMS_Database/dbo/Tables/Category.sql,1,1
Code/Integration/WebPOS.Integration.Conversion/Properties/AssemblyInfo.cs,1,1
Database/CMS_Database/dbo/Tables/Variants.sql,1,1
Code/ProjectLibraries/WebPOS.Project.CMS.ViewModelLayer/ResponsiveContent/MultipleImagesBlockViewModel.cs,1,1
Code/Integration/WebPOS.Integration.DTO/Requests/Prima/MultiNewOrderRequest.cs,1,1
Code/ProjectLibraries/WebPOS.Project.ModelLayer/Carriers/CarrierTypeConfigurationKeys.cs,1,1
Database/CMS_Database/dbo/Tables/Roles.sql,1,1
Code/Integration/WebPOS.Integration.API/Discarder/IFileDiscarder.cs,1,1
Code/Core/Tests/WebPOS.Core.ServiceLayer.Tests/Mocks/Managers/MockUserManager.cs,1,1
Code/Core/WebPOS.Core.ModelLayer/PriceManagement/CalculatedPriceSummary.cs,1,1
Code/Core/WebPOS.Core.ServiceLayer/EmailManagement/Implementation/Senders/ReviewReceivedEmailSender.cs,1,1
Code/Core/WebPOS.Core.ServiceLayer/ServicesModule.cs,1,1
Code/ProjectLibraries/WebPOS.Project.CMS.ViewModelLayer/QuickBuy/QuickBuyVariantViewModel.cs,1,1
Code/CMS/CMS/app_build/order-history.js,1,1
Code/CMS/CMS/Views/Shared/EditorTemplates/FormTextAreaWithoutLabel.cshtml,1,1
Database/CMS_Database/dbo/Tables/IntegrationTime.sql,1,1
Code/CMS/CMS/app_build/batch-order-upload.js,1,1
Code/Core/WebPOS.Core.ModelLayer/ProductManagement/ProductShorts/ProductShortFilter.cs,1,1
Code/CMS/CMS/Views/MyAccount/Wishlist.cshtml,1,1
Code/CMS/CMS/Views/Ecommerce/Controls/QuickBuyVariantHeader.cshtml,1,1
Database/CMS_Database/setup/Stored Procedures/CreateRole.sql,1,1
Code/CMS/CMS/Assets/sass/utils/vendors/bootstrap/_navs.scss,1,1
Code/Core/WebPOS.Core.Layer/Properties/AssemblyInfo.cs,1,1
Code/CMS/CMS/Views/MyAccount/DisplayTemplates/OrderSummaryViewModel.cshtml,1,1
Code/Core/WebPOS.Core.ModelLayer/EmailManagement/EmailTypes/Data/B2BEnquiryReceiptEmailData.cs,1,1
Code/Core/WebPOS.Core.ModelLayer/PriceRuleManagement/PriceRuleSummary.cs,1,1
Code/Core/WebPOS.Core.ModelLayer/ProductManagement/ProductSummaries/ProductSummary.cs,1,1
Code/Core/WebPOS.Core.ServiceLayer/PromotionManagement/Implementation/BasketPromotionManagerFactory.cs,1,1
Code/Core/WebPOS.Core.RepositoryLayer/StockManagement/Implementation/StockRepository.cs,1,1
Code/CMS/CMS/Assets/sass/utils/vendors/bootstrap-responsive-tabs/bootstrap-responsive-tab.css,1,1
Code/ProjectLibraries/WebPOS.Project.CMS.ViewModelLayer/QuickBuy/QuickBuyGroupedPrimaCodeVariantViewModel.cs,1,1
Code/ProjectLibraries/WebPOS.Project.CMS.ApplicationLayer/app.config,1,1
Code/Integration/WebPOS.Integration/Importers/Implementation/PriceBandsImporter.cs,1,1
Code/Admin/Admin/Views/Pages/Controls/UserDetails/Profile.cshtml,1,1
Code/Integration/WebPOS.Integration/Handlers/Implementation/IntegrationCompletedEventHandler.cs,1,1
Code/ProjectLibraries/WebPOS.Project.CMS.ViewModelLayer/Filters/FilterableProductFiltersViewModel.cs,1,1
Code/CMS/CMS/Views/Shared/DisplayTemplates/CalculatedUiPrice.cshtml,1,1
Code/Integration/WebPOS.Integration.Tests/WebPOS.Integration.Tests.csproj,1,1
Code/CMS/CMS/app_build/order-details.js,1,1
Code/CMS/CMS/app_build/modules/order-history-filters.js,1,1
Code/Core/WebPOS.Core.ServiceLayer/Users/IUserAddressManager.cs,1,1
Code/ProjectLibraries/WebPOS.Project.CMS.ViewModelLayer/QuickBuy/QuickBuyMatrix1OptionsViewModel.cs,1,1
Code/Integration/WebPOS.Integration/Directors/Implementation/IntegrationWriterDirector.cs,1,1
Code/Admin/Admin/app_build/ViewModels/Roles/Permission.js,1,1
Code/Core/WebPOS.Core.ModelLayer/EmailManagement/EmailTypes/Data/OrderUpdateEmailData.cs,1,1
Code/Integration/WebPOS.Integration.DTO/ExcludedProducts/ExcludedProductItem.cs,1,1
Code/Core/WebPOS.Core.Layer/Extensions/StringExtensions.cs,1,1
Code/ProjectLibraries/WebPOS.Project.CMS.ViewModelLayer/PageModels/Base/MyAccountPageModel.cs,1,1
Code/Integration/WebPOS.Integration.DTO/Properties/AssemblyInfo.cs,1,1
Code/CMS/CMS/Views/Shared/DisplayTemplates/PrintOrderAddressViewModel.cshtml,1,1
Database/CMS_Database/dbo/Tables/Permission.sql,1,1
Code/WorldPayTemplates/!FormParameters.txt,1,1
Database/OrderManagement_Database/dbo/Tables/Orders.sql,1,1
Code/Core/WebPOS.Core.ServiceLayer/Fulfilment/Implementation/FulfilmentManager.cs,1,1
Code/Integration/WebPOS.Integration.API/RequestData/SftpRequestData.cs,1,1
Code/Integration/WebPOS.Integration.DTO/ExcludedProducts/AccountExcludedItems.cs,1,1
Code/WorldPayTemplates/resultY.html,1,1
Code/Core/WebPOS.Core.ModelLayer/OrderManagement/OrderStatuses.cs,1,1
Code/Integration/WebPOS.Integration.API/Readers/Implementation/SoapRequestReader.cs,1,1
Code/ProjectLibraries/WebPOS.Project.CMS.ServiceLayer/Filters/Auth/Stateside/CanAddStockNotifications.cs,1,1
Code/Core/WebPOS.Core.RepositoryLayer/ProductManagement/Implementation/ProductSummaryRepository.cs,1,1
Code/Tasks/WebPOS.Core.Tasks.JobChecker/Program.cs,1,1
Code/CMS/CMS/Views/Shared/DisplayTemplates/StockIndicators.cshtml,1,1
Code/Core/WebPOS.Core.Admin.ServiceLayer/Properties/AssemblyInfo.cs,1,1
Code/Admin/Admin/app_build/ViewModels/Users/User.js,1,1
Code/CMS/CMS/Assets/sass/utils/_mixins.scss,1,1
Code/Core/Tests/WebPOS.Core.ServiceLayer.Tests/DeliveryManagement/DeliveryTypeProcessor/DeliveryTypeRulesTests.cs,1,1
Code/ProjectLibraries/WebPOS.Project.CMS.ViewModelLayer/PageModels/MyAccount/WishlistPageModel.cs,1,1
Code/Integration/WebPOS.Integration.Conversion/ExcludedProducts/ExcludedProductItemCsvConverter.cs,1,1
Code/ProjectLibraries/WebPOS.Project.ServiceLayer/AutoMapperProfiles/CmsLoginMapperProfile.cs,1,1
Database/CMS_Database/dbo/Stored Procedures/ProductShort_Filtered.sql,1,1
Code/Core/WebPOS.Core.ServiceLayer/Basket/Implementation/BasketService.cs,1,1
Code/ProjectLibraries/WebPOS.Project.CMS.ServiceLayer/Filters/Auth/Stateside/CanViewAddressBook.cs,1,1
Code/Core/WebPOS.Core.RepositoryLayer/ProductManagement/Implementation/ProductShortManager.cs,1,1
Code/Core/WebPOS.Core.ModelLayer/EmailManagement/EmailTypes/Data/ReviewReceivedEmailData.cs,1,1
Code/Core/WebPOS.Core.RepositoryLayer/EntityManagement/IGenericEntityRepository.cs,1,1
Code/Core/WebPOS.Core.ModelLayer/EmailManagement/EmailTypes/Data/CustomerRegistrationEmailData.cs,1,1
Code/CMS/CMS/Assets/sass/utils/mixins/_animations.scss,1,1
Code/Core/WebPOS.Core.ModelLayer/AccountManagement/AccountUserSummary.cs,1,1
Code/CMS/CMS/Assets/sass/modules/controls/_basket-summary.scss,1,1
Database/OrderManagement_Database/dbo/Tables/OrderAddress.sql,1,1
Code/CMS/CMS/Assets/sass/utils/vendors/bootstrap/_dropdowns.scss,1,1
Code/Core/WebPOS.Core.ServiceLayer/PromotionManagement/Implementation/BasketPromotionManager.cs,1,1
Code/CMS/CMS/Assets/images/bg-header.png,1,1
Code/WorldPayTemplates/footer.html,1,1
Code/ProjectLibraries/WebPOS.Project.ServiceLayer/IOC/ProjectModules.cs,1,1
Code/CMS/CMS/Views/Navigation/FooterLinks.cshtml,1,1
Database/CMS_Database/dbo/Tables/ResponsiveContent_MultipleImagesItem.sql,1,1
Code/Admin/Admin/Models/ViewModels/Languages/LanguageViewModel.cs,1,1
Code/ProjectLibraries/WebPOS.Project.CMS.ServiceLayer/Filters/Auth/Stateside/CanPurchaseProducts.cs,1,1
Code/Core/WebPOS.Core.RepositoryLayer/EntityManagement/Implementation/GenericEntityRepository.cs,1,1
Code/WorldPayTemplates/resultC.html,1,1
Code/Core/WebPOS.Core.ServiceLayer/OrderSummaries/Implementation/OrderSummaryManager.cs,1,1
Code/ProjectLibraries/WebPOS.Project.ModelLayer/Carriers/DpdCarrierType.cs,1,1
Code/CMS/CMS/Assets/sass/modules/controls/_range-ui-price.scss,1,1
Database/CMS_Database/dbo/Stored Procedures/Product_LoadById.sql,1,1
Code/ProjectLibraries/WebPOS.Project.CMS.ViewModelLayer/Filters/OrderFilter.cs,1,1
Code/CMS/CMS/Views/MyAccount/Cards.cshtml,1,1
Code/ProjectLibraries/WebPOS.Project.ModelLayer/CurrencyTypes/CurrencyTypeNames.cs,1,1
Code/Core/WebPOS.Core.ModelLayer/EmailManagement/EmailTypes/Data/RemoveAddressRequestData.cs,1,1
Code/CMS/CMS/Views/Shared/DisplayTemplates/PrintOrderViewModel.cshtml,1,1
Code/CMS/CMS/Views/Shared/DisplayTemplates/PrintOrderLineViewModel.cshtml,1,1
Code/WorldPayTemplates/CheckoutArrow2.png,1,1
Code/Core/WebPOS.Core.ModelLayer/PromotionManagement/Enums/PromotionType.cs,1,1
Code/CMS/CMS/Assets/sass/modules/controls/_checkout-user-address.scss,1,1
Code/Integration/WebPOS.Integration.Conversion/IntegrationConversionModule.cs,1,1
Code/Core/WebPOS.Core.ModelLayer/OrderManagement/OrderAddress.cs,1,1
Code/CMS/CMS/Views/MyAccount/MyAccount.cshtml,1,1
Code/CMS/CMS/Views/Navigation/BreadCrumb.cshtml,1,1
Code/CMS/CMS/Views/Shared/DisplayTemplates/SuggestedDeliveryTypeViewModel.cshtml,1,1
Code/Core/WebPOS.Core.ModelLayer/EmailManagement/EmailTypes/Data/B2CEnquiryReceiptEmailData.cs,1,1
Code/ProjectLibraries/WebPOS.Project.CMS.ViewModelLayer/Ecommerce/PriceBandViewModel.cs,1,1
Code/WorldPayTemplates/CheckoutArrow1.png,1,1
Code/Admin/Admin/Views/Pages/BasketPromotions.cshtml,1,1
Code/Core/WebPOS.Core.ModelLayer/EmailManagement/EmailTypes/ProjectTemplates/B2CEnquiryReceiptEmail.cs,1,1
Code/Core/WebPOS.Core.ServiceLayer/Moto/Implementation/MotoManager.cs,1,1
Code/Core/WebPOS.Core.ServiceLayer/EmailManagement/Implementation/Senders/UpdatedAddressRequestEmailSender.cs,1,1
Database/CMS_Database/dbo/Functions/GetStock.sql,1,1
Code/Core/WebPOS.Core.ModelLayer/EmailManagement/EmailTypes/ProjectTemplates/B2BEnquiryReceiptEmail.cs,1,1
Code/CMS/CMS/app_build/lib/bootstrap-datepicker.js,1,1
Code/CMS/CMS/Assets/sass/themes/_fonts-and-icons.scss,1,1
Database/CMS_Database/dbo/Tables/PriceRuleBase.sql,1,1
Code/Core/WebPOS.Core.RepositoryLayer/ProductManagement/IProductFileRepository.cs,1,1
Database/OrderManagement_Database/Scripts/Post-Deployment/Ref/OrderStatuses.sql,1,1
Database/CMS_Database/dbo/Stored Procedures/Stock_Save.sql,1,1
Code/PaymentGateways/WebPOS.Core.PaymentGateway.WorldPay.Business/Services/Implementation/WorldPayPaymentRequestManager.cs,1,1
Database/OrderManagement_Database/dbo/Tables/OrderLinePromotionInformation.sql,1,1
Code/Core/Utilities/WebPOS.Utilities.Basket/Form1.cs,1,1
Code/WorldPayTemplates/html view/CheckoutArrow2.png,1,1
Database/CMS_Database/dbo/Tables/BasketPromotions.sql,1,1
Code/Admin/Admin/app_build/Services/Categories/CategoryService.js,1,1
Database/CMS_Database/setup/Stored Procedures/CreatePermission.sql,1,1
Code/Core/WebPOS.Core.CMS.ServiceLayer/WebPOS.Core.CMS.ServiceLayer.csproj,1,1
Code/ProjectLibraries/WebPOS.Project.CMS.ViewModelLayer/Forms/BatchOrderUploadForm.cs,1,1
Code/Core/WebPOS.Core.DataLayer/Properties/AssemblyInfo.cs,1,1
Database/CMS_Database/dbo/Tables/Stock.sql,1,1
Code/Core/WebPOS.Core.ModelLayer/PriceManagement/CalculatedPrice.cs,1,1
Code/ProjectLibraries/WebPOS.Project.CMS.ViewModelLayer/ResponsiveContent/ImageBlockViewModel.cs,1,1
Code/CMS/CMS/Assets/sass/themes/_tables.scss,1,1
Code/CMS/CMS/Views/Ecommerce/DisplayTemplates/ProductPageBundledProductViewModel.cshtml,1,1
Code/Core/WebPOS.Core.ServiceLayer/VariantManagement/IVariantShortManager.cs,1,1
Code/Core/WebPOS.Core.ModelLayer/ProductManagement/Products/ProductFile.cs,1,1
Code/ProjectLibraries/WebPOS.Project.CMS.ViewModelLayer/PageModels/Checkout/CheckoutDeliveryAddressPageModel.cs,1,1
